country,1950,1951,1952,1953,1954,1955,1956,1957,1958,1959,1960,1961,1962,1963,1964,1965,1966,1967,1968,1969,1970,1971,1972,1973,1974,1975,1976,1977,1978,1979,1980,1981,1982,1983,1984,1985,1986,1987,1988,1989,1990,1991,1992,1993,1994,1995,1996,1997,1998,1999,2000,2001,2002,2003,2004,2005,2006,2007,2008,2009,2010,2011,2012,2013,2014,2015,2016,2017,2018,2019,2020,2021,2022,2023,2024,2025,2026,2027,2028,2029,2030,2031,2032,2033,2034,2035,2036,2037,2038,2039,2040,2041,2042,2043,2044,2045,2046,2047,2048,2049,2050,2051,2052,2053,2054,2055,2056,2057,2058,2059,2060,2061,2062,2063,2064,2065,2066,2067,2068,2069,2070,2071,2072,2073,2074,2075,2076,2077,2078,2079,2080,2081,2082,2083,2084,2085,2086,2087,2088,2089,2090,2091,2092,2093,2094,2095,2096,2097,2098,2099,2100
Afghanistan,885000,,,,,965000,,,,,1070000,,,,,1140000,,,,,1320000,,,,,1530000,,,,,1640000,,,,,1480000,,,,,1590000,,,,,2200000,,,,,2590000,,,,,3170000,,,,,3910000,,,,,4640000,,,,,5110000,,,,,5130000,,,,,5350000,,,,,5460000,,,,,5540000,,,,,5560000,,,,,5500000,,,,,5370000,,,,,5190000,,,,,5020000,,,,,4850000,,,,,4670000,,,,,4510000,,,,,4330000,,,,,4160000,,,,,4010000,,,,,3870000
Albania,147000,,,,,156000,,,,,170000,,,,,213000,,,,,264000,,,,,302000,,,,,307000,,,,,321000,,,,,331000,,,,,327000,,,,,339000,,,,,319000,,,,,273000,,,,,196000,,,,,158000,,,,,169000,,,,,164000,,,,,162000,,,,,153000,,,,,138000,,,,,124000,,,,,116000,,,,,113000,,,,,110000,,,,,104000,,,,,96800,,,,,89300,,,,,83900,,,,,80800,,,,,78300,,,,,75200
Algeria,1050000,,,,,1120000,,,,,1210000,,,,,1630000,,,,,1880000,,,,,2200000,,,,,2490000,,,,,2910000,,,,,3410000,,,,,3800000,,,,,3910000,,,,,3670000,,,,,3030000,,,,,2920000,,,,,3830000,,,,,4640000,,,,,4360000,,,,,4000000,,,,,3670000,,,,,3550000,,,,,3660000,,,,,3850000,,,,,3920000,,,,,3780000,,,,,3540000,,,,,3380000,,,,,3350000,,,,,3380000,,,,,3400000,,,,,3340000,,,,,3230000
Angola,515000,,,,,539000,,,,,577000,,,,,793000,,,,,841000,,,,,946000,,,,,1080000,,,,,1320000,,,,,1570000,,,,,1820000,,,,,2120000,,,,,2480000,,,,,2930000,,,,,3580000,,,,,4330000,,,,,4960000,,,,,5600000,,,,,6330000,,,,,7120000,,,,,7930000,,,,,8720000,,,,,9460000,,,,,10200000,,,,,10800000,,,,,11500000,,,,,12100000,,,,,12700000,,,,,13200000,,,,,13600000,,,,,14000000,,,,,14300000
Antigua and Barbuda,5550,,,,,5980,,,,,6750,,,,,8180,,,,,8690,,,,,8840,,,,,9210,,,,,7930,,,,,5830,,,,,7770,,,,,8370,,,,,8290,,,,,8640,,,,,8410,,,,,8090,,,,,8010,,,,,8080,,,,,8100,,,,,7970,,,,,7720,,,,,7490,,,,,7330,,,,,7230,,,,,7140,,,,,7000,,,,,6830,,,,,6660,,,,,6520,,,,,6420,,,,,6320,,,,,6210
Argentina,1580000,,,,,1730000,,,,,1950000,,,,,2140000,,,,,2240000,,,,,2350000,,,,,2440000,,,,,2790000,,,,,3330000,,,,,3270000,,,,,3390000,,,,,3480000,,,,,3440000,,,,,3580000,,,,,3640000,,,,,3710000,,,,,3700000,,,,,3660000,,,,,3630000,,,,,3590000,,,,,3550000,,,,,3500000,,,,,3440000,,,,,3380000,,,,,3310000,,,,,3250000,,,,,3180000,,,,,3130000,,,,,3070000,,,,,3010000,,,,,2950000
Armenia,191000,,,,,113000,,,,,159000,,,,,249000,,,,,343000,,,,,364000,,,,,307000,,,,,305000,,,,,315000,,,,,311000,,,,,323000,,,,,262000,,,,,184000,,,,,174000,,,,,198000,,,,,205000,,,,,184000,,,,,160000,,,,,142000,,,,,134000,,,,,135000,,,,,135000,,,,,128000,,,,,118000,,,,,108000,,,,,103000,,,,,101000,,,,,101000,,,,,97900,,,,,92700,,,,,87200
Australia,584000,,,,,738000,,,,,981000,,,,,1070000,,,,,1240000,,,,,1290000,,,,,1270000,,,,,1340000,,,,,1240000,,,,,1300000,,,,,1340000,,,,,1410000,,,,,1390000,,,,,1420000,,,,,1610000,,,,,1700000,,,,,1800000,,,,,1810000,,,,,1810000,,,,,1820000,,,,,1880000,,,,,1960000,,,,,2030000,,,,,2060000,,,,,2070000,,,,,2080000,,,,,2090000,,,,,2120000,,,,,2150000,,,,,2160000,,,,,2160000
Austria,502000,,,,,557000,,,,,506000,,,,,485000,,,,,579000,,,,,647000,,,,,624000,,,,,507000,,,,,433000,,,,,478000,,,,,467000,,,,,489000,,,,,440000,,,,,416000,,,,,404000,,,,,414000,,,,,434000,,,,,437000,,,,,423000,,,,,404000,,,,,393000,,,,,395000,,,,,405000,,,,,412000,,,,,410000,,,,,402000,,,,,393000,,,,,389000,,,,,390000,,,,,392000,,,,,392000
Azerbaijan,401000,,,,,250000,,,,,325000,,,,,512000,,,,,674000,,,,,813000,,,,,759000,,,,,682000,,,,,681000,,,,,790000,,,,,929000,,,,,891000,,,,,721000,,,,,638000,,,,,698000,,,,,861000,,,,,796000,,,,,697000,,,,,640000,,,,,641000,,,,,652000,,,,,643000,,,,,616000,,,,,585000,,,,,562000,,,,,551000,,,,,546000,,,,,537000,,,,,522000,,,,,506000,,,,,491000
Bahamas,8980,,,,,9790,,,,,13100,,,,,16700,,,,,21400,,,,,25600,,,,,25600,,,,,27000,,,,,25500,,,,,29200,,,,,28600,,,,,29200,,,,,29600,,,,,24900,,,,,27200,,,,,28100,,,,,28100,,,,,27700,,,,,26800,,,,,25700,,,,,25100,,,,,25200,,,,,25500,,,,,25400,,,,,24900,,,,,24300,,,,,23900,,,,,23700,,,,,23600,,,,,23500,,,,,23200
Bahrain,12800,,,,,15500,,,,,18500,,,,,26000,,,,,29200,,,,,30400,,,,,34900,,,,,37400,,,,,43200,,,,,51900,,,,,56700,,,,,67800,,,,,77300,,,,,84000,,,,,95700,,,,,106000,,,,,109000,,,,,113000,,,,,115000,,,,,116000,,,,,109000,,,,,103000,,,,,101000,,,,,101000,,,,,102000,,,,,101000,,,,,99000,,,,,96400,,,,,94300,,,,,93600,,,,,93300
Bangladesh,4380000,,,,,4890000,,,,,5470000,,,,,6090000,,,,,7680000,,,,,9050000,,,,,10600000,,,,,11500000,,,,,13400000,,,,,14900000,,,,,15700000,,,,,16100000,,,,,16500000,,,,,16500000,,,,,15600000,,,,,15100000,,,,,14700000,,,,,14100000,,,,,13400000,,,,,12700000,,,,,12000000,,,,,11400000,,,,,10900000,,,,,10500000,,,,,10000000,,,,,9630000,,,,,9270000,,,,,8940000,,,,,8640000,,,,,8360000,,,,,8100000
Barbados,22000,,,,,21600,,,,,26600,,,,,28100,,,,,30700,,,,,30800,,,,,26700,,,,,25800,,,,,21200,,,,,20600,,,,,20200,,,,,19700,,,,,19000,,,,,19100,,,,,18600,,,,,18300,,,,,17900,,,,,17500,,,,,17100,,,,,16700,,,,,16500,,,,,16200,,,,,15900,,,,,15600,,,,,15300,,,,,15100,,,,,14800,,,,,14600,,,,,14300,,,,,14000,,,,,13800
Belarus,815000,,,,,539000,,,,,606000,,,,,774000,,,,,953000,,,,,872000,,,,,722000,,,,,728000,,,,,742000,,,,,806000,,,,,788000,,,,,595000,,,,,457000,,,,,443000,,,,,512000,,,,,575000,,,,,554000,,,,,511000,,,,,460000,,,,,438000,,,,,453000,,,,,480000,,,,,486000,,,,,466000,,,,,438000,,,,,421000,,,,,421000,,,,,430000,,,,,434000,,,,,427000,,,,,412000
Belgium,573000,,,,,545000,,,,,701000,,,,,710000,,,,,762000,,,,,795000,,,,,729000,,,,,659000,,,,,606000,,,,,605000,,,,,612000,,,,,632000,,,,,611000,,,,,622000,,,,,671000,,,,,678000,,,,,685000,,,,,674000,,,,,661000,,,,,656000,,,,,665000,,,,,678000,,,,,685000,,,,,685000,,,,,679000,,,,,674000,,,,,673000,,,,,676000,,,,,678000,,,,,678000,,,,,672000
Belize,7570,,,,,7970,,,,,10200,,,,,13500,,,,,16900,,,,,18700,,,,,20100,,,,,21800,,,,,23600,,,,,27700,,,,,29500,,,,,34000,,,,,37700,,,,,39300,,,,,37900,,,,,39500,,,,,42000,,,,,43300,,,,,43200,,,,,42500,,,,,41800,,,,,41600,,,,,41500,,,,,41200,,,,,40600,,,,,39800,,,,,39000,,,,,38500,,,,,38000,,,,,37600,,,,,37000
Benin,221000,,,,,252000,,,,,256000,,,,,287000,,,,,327000,,,,,382000,,,,,446000,,,,,520000,,,,,617000,,,,,732000,,,,,859000,,,,,1000000,,,,,1150000,,,,,1310000,,,,,1490000,,,,,1670000,,,,,1840000,,,,,2010000,,,,,2190000,,,,,2360000,,,,,2530000,,,,,2680000,,,,,2820000,,,,,2950000,,,,,3070000,,,,,3180000,,,,,3260000,,,,,3340000,,,,,3400000,,,,,3440000,,,,,3470000
Bhutan,21100,,,,,23900,,,,,27400,,,,,27700,,,,,33200,,,,,39900,,,,,48300,,,,,57200,,,,,66500,,,,,66100,,,,,78900,,,,,79500,,,,,76300,,,,,72200,,,,,72400,,,,,69700,,,,,69500,,,,,66500,,,,,62300,,,,,58400,,,,,55700,,,,,54000,,,,,52700,,,,,51200,,,,,49200,,,,,47200,,,,,45600,,,,,44500,,,,,43700,,,,,42700,,,,,41600
Bolivia,330000,,,,,389000,,,,,419000,,,,,504000,,,,,550000,,,,,606000,,,,,673000,,,,,751000,,,,,844000,,,,,921000,,,,,977000,,,,,1040000,,,,,1100000,,,,,1130000,,,,,1150000,,,,,1150000,,,,,1180000,,,,,1210000,,,,,1210000,,,,,1210000,,,,,1190000,,,,,1180000,,,,,1160000,,,,,1140000,,,,,1110000,,,,,1090000,,,,,1060000,,,,,1030000,,,,,1010000,,,,,980000,,,,,954000
Bosnia and Herzegovina,344000,,,,,275000,,,,,370000,,,,,416000,,,,,432000,,,,,458000,,,,,415000,,,,,404000,,,,,365000,,,,,291000,,,,,287000,,,,,257000,,,,,234000,,,,,177000,,,,,172000,,,,,162000,,,,,161000,,,,,162000,,,,,156000,,,,,144000,,,,,133000,,,,,129000,,,,,128000,,,,,128000,,,,,125000,,,,,120000,,,,,114000,,,,,110000,,,,,108000,,,,,108000,,,,,106000
Botswana,51600,,,,,53700,,,,,57200,,,,,80600,,,,,94100,,,,,108000,,,,,126000,,,,,151000,,,,,184000,,,,,212000,,,,,213000,,,,,215000,,,,,216000,,,,,216000,,,,,230000,,,,,254000,,,,,256000,,,,,252000,,,,,246000,,,,,243000,,,,,243000,,,,,243000,,,,,240000,,,,,235000,,,,,229000,,,,,223000,,,,,220000,,,,,217000,,,,,213000,,,,,209000,,,,,205000
Brazil,6440000,,,,,6950000,,,,,8470000,,,,,10200000,,,,,11800000,,,,,13600000,,,,,14300000,,,,,15000000,,,,,16800000,,,,,18200000,,,,,17800000,,,,,17400000,,,,,17500000,,,,,16400000,,,,,15100000,,,,,14800000,,,,,14200000,,,,,13500000,,,,,12900000,,,,,12300000,,,,,11800000,,,,,11400000,,,,,11000000,,,,,10700000,,,,,10300000,,,,,9980000,,,,,9690000,,,,,9440000,,,,,9210000,,,,,8990000,,,,,8760000
Brunei,5100,,,,,5790,,,,,6800,,,,,12700,,,,,16000,,,,,18900,,,,,21300,,,,,25500,,,,,25700,,,,,28500,,,,,32400,,,,,34100,,,,,35500,,,,,33900,,,,,31400,,,,,33500,,,,,33100,,,,,31900,,,,,30500,,,,,29300,,,,,28400,,,,,28100,,,,,27900,,,,,27300,,,,,26500,,,,,25600,,,,,25000,,,,,24600,,,,,24300,,,,,23900,,,,,23400
Bulgaria,599000,,,,,598000,,,,,704000,,,,,690000,,,,,663000,,,,,629000,,,,,625000,,,,,660000,,,,,653000,,,,,558000,,,,,518000,,,,,405000,,,,,307000,,,,,315000,,,,,353000,,,,,333000,,,,,320000,,,,,300000,,,,,276000,,,,,260000,,,,,260000,,,,,262000,,,,,255000,,,,,243000,,,,,229000,,,,,219000,,,,,213000,,,,,212000,,,,,209000,,,,,202000,,,,,194000
Burkina Faso,493000,,,,,531000,,,,,559000,,,,,603000,,,,,673000,,,,,748000,,,,,848000,,,,,963000,,,,,1140000,,,,,1330000,,,,,1500000,,,,,1720000,,,,,2000000,,,,,2340000,,,,,2720000,,,,,3050000,,,,,3370000,,,,,3700000,,,,,4060000,,,,,4400000,,,,,4720000,,,,,4990000,,,,,5230000,,,,,5450000,,,,,5640000,,,,,5810000,,,,,5940000,,,,,6030000,,,,,6090000,,,,,6120000,,,,,6100000
Burundi,264000,,,,,281000,,,,,304000,,,,,378000,,,,,431000,,,,,471000,,,,,488000,,,,,518000,,,,,645000,,,,,803000,,,,,946000,,,,,1020000,,,,,1060000,,,,,1200000,,,,,1490000,,,,,1760000,,,,,2010000,,,,,2190000,,,,,2350000,,,,,2570000,,,,,2860000,,,,,3120000,,,,,3330000,,,,,3480000,,,,,3630000,,,,,3810000,,,,,3990000,,,,,4150000,,,,,4240000,,,,,4290000,,,,,4330000
Cambodia,528000,,,,,577000,,,,,654000,,,,,856000,,,,,919000,,,,,974000,,,,,876000,,,,,934000,,,,,804000,,,,,1460000,,,,,1740000,,,,,1800000,,,,,1600000,,,,,1490000,,,,,1640000,,,,,1740000,,,,,1760000,,,,,1700000,,,,,1640000,,,,,1630000,,,,,1630000,,,,,1600000,,,,,1550000,,,,,1480000,,,,,1430000,,,,,1400000,,,,,1360000,,,,,1320000,,,,,1270000,,,,,1230000,,,,,1190000
Cameroon,482000,,,,,516000,,,,,568000,,,,,642000,,,,,726000,,,,,859000,,,,,1020000,,,,,1210000,,,,,1450000,,,,,1740000,,,,,2000000,,,,,2200000,,,,,2430000,,,,,2810000,,,,,3230000,,,,,3600000,,,,,3890000,,,,,4190000,,,,,4490000,,,,,4810000,,,,,5120000,,,,,5400000,,,,,5650000,,,,,5870000,,,,,6050000,,,,,6230000,,,,,6390000,,,,,6500000,,,,,6580000,,,,,6620000,,,,,6630000
Canada,1130000,,,,,1370000,,,,,1780000,,,,,2050000,,,,,2290000,,,,,2350000,,,,,1980000,,,,,1840000,,,,,1880000,,,,,2000000,,,,,2060000,,,,,2120000,,,,,1940000,,,,,1850000,,,,,2060000,,,,,2120000,,,,,2170000,,,,,2190000,,,,,2200000,,,,,2200000,,,,,2250000,,,,,2330000,,,,,2400000,,,,,2440000,,,,,2460000,,,,,2470000,,,,,2490000,,,,,2520000,,,,,2540000,,,,,2560000,,,,,2560000
Cape Verde,21700,,,,,16000,,,,,16100,,,,,30800,,,,,36300,,,,,41700,,,,,42800,,,,,39700,,,,,41900,,,,,51800,,,,,61600,,,,,62000,,,,,58500,,,,,56000,,,,,55000,,,,,54000,,,,,54600,,,,,53800,,,,,51800,,,,,49600,,,,,47600,,,,,46100,,,,,44800,,,,,43400,,,,,42000,,,,,40600,,,,,39200,,,,,38100,,,,,37100,,,,,36100,,,,,35200
Central African Republic,137000,,,,,146000,,,,,154000,,,,,175000,,,,,202000,,,,,231000,,,,,265000,,,,,305000,,,,,351000,,,,,409000,,,,,459000,,,,,499000,,,,,552000,,,,,601000,,,,,643000,,,,,678000,,,,,702000,,,,,772000,,,,,844000,,,,,892000,,,,,912000,,,,,925000,,,,,942000,,,,,961000,,,,,976000,,,,,981000,,,,,976000,,,,,964000,,,,,951000,,,,,940000,,,,,928000
Chad,267000,,,,,288000,,,,,313000,,,,,389000,,,,,427000,,,,,472000,,,,,521000,,,,,617000,,,,,741000,,,,,882000,,,,,1070000,,,,,1320000,,,,,1580000,,,,,1870000,,,,,2150000,,,,,2440000,,,,,2730000,,,,,3010000,,,,,3280000,,,,,3520000,,,,,3740000,,,,,3930000,,,,,4100000,,,,,4250000,,,,,4390000,,,,,4500000,,,,,4590000,,,,,4640000,,,,,4680000,,,,,4690000,,,,,4670000
Chile,634000,,,,,749000,,,,,833000,,,,,1020000,,,,,1130000,,,,,1230000,,,,,1290000,,,,,1250000,,,,,1230000,,,,,1310000,,,,,1420000,,,,,1400000,,,,,1320000,,,,,1260000,,,,,1250000,,,,,1210000,,,,,1190000,,,,,1160000,,,,,1130000,,,,,1100000,,,,,1070000,,,,,1040000,,,,,1020000,,,,,1010000,,,,,986000,,,,,965000,,,,,944000,,,,,927000,,,,,910000,,,,,896000,,,,,881000
China,54800000,,,,,55400000,,,,,68800000,,,,,92700000,,,,,88100000,,,,,109000000,,,,,130000000,,,,,123000000,,,,,99100000,,,,,105000000,,,,,132000000,,,,,102000000,,,,,81100000,,,,,78800000,,,,,82200000,,,,,85600000,,,,,80500000,,,,,73000000,,,,,67800000,,,,,65100000,,,,,64300000,,,,,63900000,,,,,62300000,,,,,59400000,,,,,56400000,,,,,54400000,,,,,53400000,,,,,52700000,,,,,51800000,,,,,50200000,,,,,48500000
Colombia,1390000,,,,,1620000,,,,,2040000,,,,,2510000,,,,,2900000,,,,,3370000,,,,,3690000,,,,,3550000,,,,,3890000,,,,,4200000,,,,,4270000,,,,,4290000,,,,,4100000,,,,,4070000,,,,,3890000,,,,,3700000,,,,,3540000,,,,,3370000,,,,,3220000,,,,,3080000,,,,,2960000,,,,,2860000,,,,,2750000,,,,,2650000,,,,,2560000,,,,,2480000,,,,,2400000,,,,,2330000,,,,,2260000,,,,,2200000,,,,,2140000
Comoros,17900,,,,,19000,,,,,19500,,,,,24100,,,,,28500,,,,,32100,,,,,38000,,,,,43300,,,,,51000,,,,,61900,,,,,71000,,,,,76800,,,,,83100,,,,,91300,,,,,102000,,,,,112000,,,,,119000,,,,,124000,,,,,129000,,,,,135000,,,,,141000,,,,,146000,,,,,149000,,,,,151000,,,,,153000,,,,,154000,,,,,155000,,,,,155000,,,,,154000,,,,,152000,,,,,150000
"Congo, Dem. Rep.",1440000,,,,,1640000,,,,,1850000,,,,,2030000,,,,,2360000,,,,,2740000,,,,,3190000,,,,,3620000,,,,,4210000,,,,,5100000,,,,,5810000,,,,,6780000,,,,,7940000,,,,,9560000,,,,,11500000,,,,,13500000,,,,,15200000,,,,,17000000,,,,,18800000,,,,,20600000,,,,,22100000,,,,,23400000,,,,,24400000,,,,,25300000,,,,,26000000,,,,,26600000,,,,,26900000,,,,,27000000,,,,,27000000,,,,,26800000,,,,,26500000
"Congo, Rep.",92600,,,,,102000,,,,,115000,,,,,135000,,,,,159000,,,,,189000,,,,,225000,,,,,267000,,,,,311000,,,,,346000,,,,,381000,,,,,425000,,,,,500000,,,,,592000,,,,,708000,,,,,797000,,,,,844000,,,,,921000,,,,,1020000,,,,,1130000,,,,,1230000,,,,,1300000,,,,,1370000,,,,,1440000,,,,,1520000,,,,,1590000,,,,,1650000,,,,,1700000,,,,,1730000,,,,,1770000,,,,,1800000
Costa Rica,111000,,,,,131000,,,,,167000,,,,,185000,,,,,237000,,,,,280000,,,,,287000,,,,,276000,,,,,319000,,,,,372000,,,,,406000,,,,,409000,,,,,396000,,,,,362000,,,,,361000,,,,,351000,,,,,341000,,,,,327000,,,,,314000,,,,,302000,,,,,292000,,,,,285000,,,,,279000,,,,,271000,,,,,263000,,,,,257000,,,,,250000,,,,,245000,,,,,240000,,,,,235000,,,,,230000
Cote d'Ivoire,317000,,,,,346000,,,,,374000,,,,,468000,,,,,584000,,,,,741000,,,,,936000,,,,,1200000,,,,,1520000,,,,,1780000,,,,,2010000,,,,,2270000,,,,,2600000,,,,,2860000,,,,,3160000,,,,,3570000,,,,,4000000,,,,,4400000,,,,,4790000,,,,,5200000,,,,,5610000,,,,,6010000,,,,,6400000,,,,,6770000,,,,,7130000,,,,,7460000,,,,,7760000,,,,,8020000,,,,,8260000,,,,,8460000,,,,,8620000
Croatia,343000,,,,,297000,,,,,383000,,,,,397000,,,,,371000,,,,,344000,,,,,316000,,,,,332000,,,,,328000,,,,,320000,,,,,284000,,,,,240000,,,,,242000,,,,,206000,,,,,216000,,,,,202000,,,,,185000,,,,,172000,,,,,164000,,,,,158000,,,,,156000,,,,,154000,,,,,149000,,,,,141000,,,,,135000,,,,,131000,,,,,129000,,,,,127000,,,,,125000,,,,,121000,,,,,117000
Cuba,660000,,,,,708000,,,,,744000,,,,,853000,,,,,847000,,,,,1190000,,,,,1190000,,,,,1100000,,,,,779000,,,,,763000,,,,,875000,,,,,778000,,,,,713000,,,,,636000,,,,,583000,,,,,611000,,,,,592000,,,,,571000,,,,,540000,,,,,511000,,,,,492000,,,,,485000,,,,,478000,,,,,465000,,,,,447000,,,,,429000,,,,,416000,,,,,407000,,,,,399000,,,,,390000,,,,,379000
Cyprus,50700,,,,,51600,,,,,67000,,,,,64500,,,,,67100,,,,,61100,,,,,57400,,,,,55300,,,,,58900,,,,,67300,,,,,70500,,,,,74700,,,,,70300,,,,,64900,,,,,67800,,,,,69200,,,,,67100,,,,,63000,,,,,61700,,,,,61900,,,,,62800,,,,,63100,,,,,62400,,,,,61400,,,,,60800,,,,,60900,,,,,61300,,,,,61400,,,,,61100,,,,,60500,,,,,59800
Czech Republic,549000,,,,,724000,,,,,885000,,,,,854000,,,,,719000,,,,,680000,,,,,682000,,,,,843000,,,,,891000,,,,,690000,,,,,648000,,,,,594000,,,,,452000,,,,,481000,,,,,572000,,,,,556000,,,,,541000,,,,,510000,,,,,473000,,,,,457000,,,,,477000,,,,,500000,,,,,501000,,,,,486000,,,,,466000,,,,,452000,,,,,451000,,,,,461000,,,,,466000,,,,,461000,,,,,449000
Denmark,314000,,,,,384000,,,,,417000,,,,,372000,,,,,368000,,,,,393000,,,,,390000,,,,,364000,,,,,316000,,,,,273000,,,,,303000,,,,,348000,,,,,343000,,,,,330000,,,,,337000,,,,,302000,,,,,315000,,,,,337000,,,,,350000,,,,,350000,,,,,343000,,,,,337000,,,,,338000,,,,,347000,,,,,355000,,,,,357000,,,,,354000,,,,,348000,,,,,346000,,,,,347000,,,,,350000
Djibouti,7650,,,,,8960,,,,,11300,,,,,12600,,,,,18100,,,,,27300,,,,,46400,,,,,53000,,,,,75800,,,,,76000,,,,,95100,,,,,95000,,,,,97500,,,,,98700,,,,,96000,,,,,98100,,,,,99200,,,,,99600,,,,,98300,,,,,95600,,,,,92300,,,,,89400,,,,,87400,,,,,85600,,,,,83800,,,,,81500,,,,,79100,,,,,76800,,,,,75000,,,,,73400,,,,,71900
Dominican Republic,302000,,,,,321000,,,,,391000,,,,,509000,,,,,619000,,,,,706000,,,,,766000,,,,,812000,,,,,855000,,,,,920000,,,,,963000,,,,,1000000,,,,,998000,,,,,1030000,,,,,1050000,,,,,1040000,,,,,1020000,,,,,991000,,,,,961000,,,,,928000,,,,,891000,,,,,854000,,,,,816000,,,,,780000,,,,,747000,,,,,717000,,,,,689000,,,,,661000,,,,,636000,,,,,612000,,,,,590000
Ecuador,381000,,,,,446000,,,,,499000,,,,,659000,,,,,760000,,,,,871000,,,,,999000,,,,,1110000,,,,,1190000,,,,,1290000,,,,,1400000,,,,,1460000,,,,,1500000,,,,,1510000,,,,,1560000,,,,,1600000,,,,,1610000,,,,,1600000,,,,,1580000,,,,,1550000,,,,,1530000,,,,,1490000,,,,,1460000,,,,,1420000,,,,,1380000,,,,,1350000,,,,,1310000,,,,,1280000,,,,,1250000,,,,,1220000,,,,,1190000
Egypt,2120000,,,,,2190000,,,,,3170000,,,,,3540000,,,,,4230000,,,,,4740000,,,,,5300000,,,,,5760000,,,,,6650000,,,,,7820000,,,,,8860000,,,,,8390000,,,,,8180000,,,,,8900000,,,,,9760000,,,,,12300000,,,,,12000000,,,,,11600000,,,,,11600000,,,,,12200000,,,,,12900000,,,,,13100000,,,,,12900000,,,,,12700000,,,,,12600000,,,,,12600000,,,,,12500000,,,,,12300000,,,,,12000000,,,,,11700000,,,,,11500000
El Salvador,270000,,,,,286000,,,,,322000,,,,,400000,,,,,470000,,,,,534000,,,,,578000,,,,,626000,,,,,655000,,,,,641000,,,,,656000,,,,,716000,,,,,710000,,,,,617000,,,,,576000,,,,,556000,,,,,553000,,,,,531000,,,,,498000,,,,,461000,,,,,428000,,,,,404000,,,,,385000,,,,,366000,,,,,344000,,,,,322000,,,,,302000,,,,,286000,,,,,272000,,,,,260000,,,,,247000
Equatorial Guinea,22300,,,,,23500,,,,,24600,,,,,30900,,,,,33300,,,,,28900,,,,,30100,,,,,35700,,,,,45900,,,,,61900,,,,,68100,,,,,78200,,,,,96200,,,,,118000,,,,,144000,,,,,171000,,,,,195000,,,,,218000,,,,,238000,,,,,253000,,,,,266000,,,,,278000,,,,,289000,,,,,297000,,,,,302000,,,,,305000,,,,,307000,,,,,307000,,,,,306000,,,,,304000,,,,,301000
Eritrea,139000,,,,,156000,,,,,174000,,,,,178000,,,,,213000,,,,,249000,,,,,290000,,,,,332000,,,,,383000,,,,,443000,,,,,500000,,,,,494000,,,,,504000,,,,,602000,,,,,700000,,,,,734000,,,,,762000,,,,,792000,,,,,836000,,,,,889000,,,,,932000,,,,,954000,,,,,962000,,,,,967000,,,,,976000,,,,,985000,,,,,988000,,,,,977000,,,,,961000,,,,,944000,,,,,928000
Estonia,102000,,,,,89700,,,,,90700,,,,,97500,,,,,101000,,,,,101000,,,,,101000,,,,,110000,,,,,111000,,,,,107000,,,,,105000,,,,,78900,,,,,59100,,,,,64100,,,,,76800,,,,,70700,,,,,68900,,,,,64000,,,,,57600,,,,,55100,,,,,56500,,,,,57900,,,,,56800,,,,,53800,,,,,50400,,,,,48200,,,,,47500,,,,,47700,,,,,47400,,,,,46000,,,,,44000
Ethiopia,2130000,,,,,2400000,,,,,2710000,,,,,2920000,,,,,3300000,,,,,3880000,,,,,4060000,,,,,5020000,,,,,5910000,,,,,7410000,,,,,8470000,,,,,9920000,,,,,11900000,,,,,13000000,,,,,13500000,,,,,14600000,,,,,15500000,,,,,16100000,,,,,16500000,,,,,16700000,,,,,16800000,,,,,16800000,,,,,16700000,,,,,16500000,,,,,16200000,,,,,15800000,,,,,15400000,,,,,15000000,,,,,14700000,,,,,14300000,,,,,13900000
Fiji,36000,,,,,43300,,,,,51300,,,,,61600,,,,,72800,,,,,76600,,,,,78400,,,,,80000,,,,,84500,,,,,91700,,,,,89500,,,,,80100,,,,,78600,,,,,80300,,,,,87400,,,,,86300,,,,,82100,,,,,78600,,,,,76600,,,,,75000,,,,,72500,,,,,69500,,,,,66300,,,,,63000,,,,,59900,,,,,57200,,,,,54800,,,,,52600,,,,,50200,,,,,47900,,,,,45700
Finland,331000,,,,,359000,,,,,491000,,,,,441000,,,,,403000,,,,,385000,,,,,351000,,,,,303000,,,,,326000,,,,,331000,,,,,318000,,,,,330000,,,,,297000,,,,,292000,,,,,310000,,,,,308000,,,,,314000,,,,,315000,,,,,310000,,,,,307000,,,,,308000,,,,,313000,,,,,315000,,,,,315000,,,,,314000,,,,,311000,,,,,310000,,,,,310000,,,,,310000,,,,,309000,,,,,306000
France,2830000,,,,,2680000,,,,,4090000,,,,,4120000,,,,,4140000,,,,,4310000,,,,,4190000,,,,,4160000,,,,,3710000,,,,,3880000,,,,,3840000,,,,,3690000,,,,,3780000,,,,,3920000,,,,,3990000,,,,,3900000,,,,,3830000,,,,,3800000,,,,,3840000,,,,,3900000,,,,,3940000,,,,,3930000,,,,,3880000,,,,,3860000,,,,,3860000,,,,,3890000,,,,,3900000,,,,,3890000,,,,,3860000,,,,,3830000,,,,,3820000
Gabon,41000,,,,,41100,,,,,44800,,,,,47800,,,,,52800,,,,,62900,,,,,77700,,,,,92100,,,,,109000,,,,,130000,,,,,149000,,,,,166000,,,,,180000,,,,,196000,,,,,226000,,,,,263000,,,,,276000,,,,,278000,,,,,283000,,,,,293000,,,,,305000,,,,,316000,,,,,323000,,,,,324000,,,,,323000,,,,,321000,,,,,320000,,,,,319000,,,,,316000,,,,,312000,,,,,307000
Gambia,30700,,,,,34300,,,,,35100,,,,,40400,,,,,40300,,,,,51800,,,,,69000,,,,,84900,,,,,110000,,,,,135000,,,,,152000,,,,,178000,,,,,214000,,,,,253000,,,,,293000,,,,,334000,,,,,370000,,,,,403000,,,,,434000,,,,,462000,,,,,484000,,,,,499000,,,,,509000,,,,,515000,,,,,519000,,,,,521000,,,,,521000,,,,,518000,,,,,511000,,,,,504000,,,,,496000
Georgia,394000,,,,,269000,,,,,297000,,,,,406000,,,,,490000,,,,,491000,,,,,440000,,,,,413000,,,,,425000,,,,,407000,,,,,415000,,,,,357000,,,,,255000,,,,,214000,,,,,249000,,,,,271000,,,,,246000,,,,,220000,,,,,202000,,,,,196000,,,,,198000,,,,,197000,,,,,188000,,,,,174000,,,,,162000,,,,,156000,,,,,154000,,,,,151000,,,,,145000,,,,,137000,,,,,130000
Germany,6380000,,,,,5120000,,,,,4660000,,,,,5320000,,,,,5830000,,,,,6480000,,,,,6190000,,,,,4360000,,,,,4020000,,,,,4510000,,,,,4690000,,,,,4200000,,,,,3960000,,,,,3690000,,,,,3550000,,,,,3620000,,,,,3750000,,,,,3810000,,,,,3710000,,,,,3550000,,,,,3430000,,,,,3410000,,,,,3460000,,,,,3520000,,,,,3520000,,,,,3460000,,,,,3380000,,,,,3310000,,,,,3300000,,,,,3300000,,,,,3300000
Ghana,604000,,,,,705000,,,,,848000,,,,,891000,,,,,1030000,,,,,1230000,,,,,1380000,,,,,1620000,,,,,1840000,,,,,2090000,,,,,2340000,,,,,2600000,,,,,2910000,,,,,3130000,,,,,3510000,,,,,3920000,,,,,4090000,,,,,4230000,,,,,4410000,,,,,4620000,,,,,4840000,,,,,5040000,,,,,5180000,,,,,5240000,,,,,5300000,,,,,5360000,,,,,5400000,,,,,5420000,,,,,5400000,,,,,5340000,,,,,5270000
Greece,790000,,,,,679000,,,,,752000,,,,,712000,,,,,751000,,,,,740000,,,,,781000,,,,,744000,,,,,762000,,,,,722000,,,,,608000,,,,,583000,,,,,570000,,,,,549000,,,,,580000,,,,,506000,,,,,443000,,,,,407000,,,,,402000,,,,,409000,,,,,416000,,,,,410000,,,,,389000,,,,,367000,,,,,355000,,,,,354000,,,,,357000,,,,,357000,,,,,351000,,,,,339000,,,,,329000
Grenada,9280,,,,,9410,,,,,11500,,,,,12100,,,,,16300,,,,,14700,,,,,11900,,,,,11900,,,,,9800,,,,,12400,,,,,13600,,,,,11500,,,,,10100,,,,,8900,,,,,9350,,,,,9640,,,,,9310,,,,,8370,,,,,7350,,,,,6750,,,,,6570,,,,,6410,,,,,6020,,,,,5450,,,,,4880,,,,,4490,,,,,4270,,,,,4100,,,,,3860,,,,,3550,,,,,3230
Guatemala,367000,,,,,406000,,,,,482000,,,,,634000,,,,,722000,,,,,805000,,,,,918000,,,,,1070000,,,,,1240000,,,,,1390000,,,,,1480000,,,,,1690000,,,,,1840000,,,,,1960000,,,,,1930000,,,,,1980000,,,,,2050000,,,,,2090000,,,,,2100000,,,,,2080000,,,,,2060000,,,,,2020000,,,,,1990000,,,,,1950000,,,,,1910000,,,,,1870000,,,,,1820000,,,,,1770000,,,,,1730000,,,,,1680000,,,,,1640000
Guinea,330000,,,,,352000,,,,,371000,,,,,459000,,,,,496000,,,,,503000,,,,,507000,,,,,579000,,,,,710000,,,,,949000,,,,,1080000,,,,,1200000,,,,,1340000,,,,,1490000,,,,,1690000,,,,,1880000,,,,,2070000,,,,,2260000,,,,,2440000,,,,,2610000,,,,,2770000,,,,,2910000,,,,,3030000,,,,,3130000,,,,,3220000,,,,,3290000,,,,,3350000,,,,,3380000,,,,,3410000,,,,,3410000,,,,,3390000
Guinea-Bissau,53600,,,,,61600,,,,,66600,,,,,78500,,,,,81100,,,,,86600,,,,,89300,,,,,105000,,,,,125000,,,,,149000,,,,,163000,,,,,178000,,,,,190000,,,,,209000,,,,,240000,,,,,270000,,,,,290000,,,,,306000,,,,,322000,,,,,340000,,,,,360000,,,,,378000,,,,,391000,,,,,401000,,,,,408000,,,,,416000,,,,,422000,,,,,427000,,,,,427000,,,,,425000,,,,,421000
Guyana,44100,,,,,49100,,,,,67300,,,,,88900,,,,,101000,,,,,97600,,,,,111000,,,,,103000,,,,,88800,,,,,88000,,,,,79300,,,,,95300,,,,,87600,,,,,80600,,,,,72600,,,,,73200,,,,,73100,,,,,70800,,,,,67400,,,,,63500,,,,,59800,,,,,56700,,,,,53700,,,,,50600,,,,,47400,,,,,44500,,,,,41700,,,,,39200,,,,,36900,,,,,34700,,,,,32700
Haiti,380000,,,,,404000,,,,,412000,,,,,499000,,,,,565000,,,,,638000,,,,,683000,,,,,719000,,,,,846000,,,,,1030000,,,,,1090000,,,,,1120000,,,,,1150000,,,,,1160000,,,,,1190000,,,,,1180000,,,,,1180000,,,,,1170000,,,,,1140000,,,,,1110000,,,,,1080000,,,,,1040000,,,,,1010000,,,,,967000,,,,,928000,,,,,892000,,,,,858000,,,,,825000,,,,,794000,,,,,764000,,,,,736000
Honduras,177000,,,,,197000,,,,,238000,,,,,302000,,,,,352000,,,,,408000,,,,,484000,,,,,558000,,,,,656000,,,,,748000,,,,,830000,,,,,924000,,,,,983000,,,,,1010000,,,,,985000,,,,,942000,,,,,956000,,,,,960000,,,,,945000,,,,,915000,,,,,882000,,,,,851000,,,,,825000,,,,,802000,,,,,780000,,,,,758000,,,,,733000,,,,,711000,,,,,690000,,,,,673000,,,,,656000
Hungary,734000,,,,,779000,,,,,788000,,,,,930000,,,,,813000,,,,,634000,,,,,711000,,,,,777000,,,,,868000,,,,,651000,,,,,630000,,,,,595000,,,,,510000,,,,,483000,,,,,483000,,,,,448000,,,,,437000,,,,,426000,,,,,413000,,,,,394000,,,,,381000,,,,,373000,,,,,365000,,,,,358000,,,,,350000,,,,,342000,,,,,333000,,,,,325000,,,,,319000,,,,,313000,,,,,307000
Iceland,11500,,,,,14200,,,,,17900,,,,,20300,,,,,22600,,,,,22900,,,,,21000,,,,,21100,,,,,20900,,,,,21200,,,,,20900,,,,,23400,,,,,21700,,,,,21300,,,,,23200,,,,,22700,,,,,22200,,,,,22000,,,,,21400,,,,,20900,,,,,20800,,,,,20700,,,,,20500,,,,,20100,,,,,19700,,,,,19400,,,,,19100,,,,,18900,,,,,18700,,,,,18400,,,,,18100
India,42100000,,,,,43000000,,,,,47300000,,,,,59100000,,,,,65600000,,,,,73000000,,,,,80100000,,,,,88700000,,,,,97800000,,,,,110000000,,,,,117000000,,,,,120000000,,,,,124000000,,,,,127000000,,,,,126000000,,,,,120000000,,,,,120000000,,,,,118000000,,,,,116000000,,,,,112000000,,,,,108000000,,,,,104000000,,,,,101000000,,,,,97800000,,,,,94500000,,,,,91200000,,,,,88000000,,,,,85100000,,,,,82500000,,,,,80200000,,,,,77800000
Indonesia,8440000,,,,,8680000,,,,,8940000,,,,,11000000,,,,,14000000,,,,,16300000,,,,,18400000,,,,,20100000,,,,,21400000,,,,,22400000,,,,,21900000,,,,,22700000,,,,,22700000,,,,,23700000,,,,,23600000,,,,,24400000,,,,,23600000,,,,,23000000,,,,,22500000,,,,,22200000,,,,,21800000,,,,,21300000,,,,,20700000,,,,,20100000,,,,,19500000,,,,,19000000,,,,,18600000,,,,,18200000,,,,,17700000,,,,,17300000,,,,,16800000
Iran,1820000,,,,,1780000,,,,,2230000,,,,,3120000,,,,,3600000,,,,,4090000,,,,,4630000,,,,,5530000,,,,,7270000,,,,,8830000,,,,,9060000,,,,,7240000,,,,,5570000,,,,,5440000,,,,,6400000,,,,,6870000,,,,,6220000,,,,,5220000,,,,,4470000,,,,,4310000,,,,,4540000,,,,,4730000,,,,,4580000,,,,,4170000,,,,,3790000,,,,,3630000,,,,,3660000,,,,,3720000,,,,,3670000,,,,,3500000,,,,,3290000
Iraq,610000,,,,,693000,,,,,722000,,,,,1100000,,,,,1110000,,,,,1390000,,,,,1840000,,,,,2100000,,,,,2370000,,,,,2630000,,,,,2960000,,,,,3310000,,,,,3780000,,,,,4210000,,,,,4860000,,,,,5550000,,,,,6070000,,,,,6570000,,,,,7110000,,,,,7680000,,,,,8260000,,,,,8800000,,,,,9280000,,,,,9720000,,,,,10100000,,,,,10500000,,,,,10800000,,,,,11100000,,,,,11300000,,,,,11400000,,,,,11500000
Ireland,253000,,,,,257000,,,,,290000,,,,,292000,,,,,288000,,,,,324000,,,,,322000,,,,,362000,,,,,360000,,,,,348000,,,,,297000,,,,,268000,,,,,279000,,,,,313000,,,,,356000,,,,,355000,,,,,326000,,,,,300000,,,,,296000,,,,,313000,,,,,336000,,,,,346000,,,,,340000,,,,,327000,,,,,319000,,,,,321000,,,,,330000,,,,,337000,,,,,337000,,,,,331000,,,,,325000
Israel,109000,,,,,144000,,,,,226000,,,,,303000,,,,,295000,,,,,320000,,,,,352000,,,,,426000,,,,,462000,,,,,508000,,,,,527000,,,,,554000,,,,,620000,,,,,672000,,,,,745000,,,,,833000,,,,,825000,,,,,827000,,,,,845000,,,,,882000,,,,,924000,,,,,956000,,,,,966000,,,,,961000,,,,,951000,,,,,950000,,,,,956000,,,,,962000,,,,,960000,,,,,949000,,,,,933000
Italy,4190000,,,,,3810000,,,,,4290000,,,,,3990000,,,,,4130000,,,,,4560000,,,,,4570000,,,,,4300000,,,,,3560000,,,,,3040000,,,,,2830000,,,,,2820000,,,,,2770000,,,,,2800000,,,,,2820000,,,,,2580000,,,,,2450000,,,,,2390000,,,,,2400000,,,,,2430000,,,,,2450000,,,,,2430000,,,,,2370000,,,,,2320000,,,,,2300000,,,,,2310000,,,,,2310000,,,,,2300000,,,,,2280000,,,,,2240000,,,,,2210000
Jamaica,150000,,,,,162000,,,,,174000,,,,,188000,,,,,247000,,,,,295000,,,,,284000,,,,,286000,,,,,263000,,,,,275000,,,,,276000,,,,,282000,,,,,280000,,,,,243000,,,,,222000,,,,,201000,,,,,223000,,,,,206000,,,,,185000,,,,,165000,,,,,148000,,,,,138000,,,,,130000,,,,,122000,,,,,111000,,,,,98400,,,,,87900,,,,,80200,,,,,74500,,,,,69100,,,,,62900
Japan,8630000,,,,,9400000,,,,,10900000,,,,,9360000,,,,,8040000,,,,,8250000,,,,,9020000,,,,,10100000,,,,,8600000,,,,,7620000,,,,,6770000,,,,,6130000,,,,,5950000,,,,,5670000,,,,,5560000,,,,,5400000,,,,,5150000,,,,,4920000,,,,,4780000,,,,,4700000,,,,,4640000,,,,,4570000,,,,,4470000,,,,,4350000,,,,,4240000,,,,,4160000,,,,,4110000,,,,,4050000,,,,,3990000,,,,,3910000,,,,,3830000
Jordan,59500,,,,,87300,,,,,114000,,,,,128000,,,,,200000,,,,,248000,,,,,324000,,,,,407000,,,,,474000,,,,,578000,,,,,606000,,,,,654000,,,,,807000,,,,,996000,,,,,1100000,,,,,1130000,,,,,1100000,,,,,1090000,,,,,1090000,,,,,1110000,,,,,1130000,,,,,1130000,,,,,1120000,,,,,1090000,,,,,1060000,,,,,1040000,,,,,1020000,,,,,1000000,,,,,979000,,,,,950000,,,,,924000
Kazakhstan,990000,,,,,635000,,,,,893000,,,,,1280000,,,,,1610000,,,,,1720000,,,,,1510000,,,,,1580000,,,,,1590000,,,,,1570000,,,,,1620000,,,,,1420000,,,,,1140000,,,,,1140000,,,,,1620000,,,,,1980000,,,,,1810000,,,,,1640000,,,,,1540000,,,,,1560000,,,,,1650000,,,,,1730000,,,,,1730000,,,,,1650000,,,,,1560000,,,,,1520000,,,,,1520000,,,,,1540000,,,,,1540000,,,,,1500000,,,,,1450000
Kenya,654000,,,,,682000,,,,,917000,,,,,1200000,,,,,1450000,,,,,1750000,,,,,2120000,,,,,2620000,,,,,3180000,,,,,3790000,,,,,4260000,,,,,4460000,,,,,5210000,,,,,5900000,,,,,6590000,,,,,6880000,,,,,7320000,,,,,7770000,,,,,8230000,,,,,8620000,,,,,8890000,,,,,9070000,,,,,9230000,,,,,9340000,,,,,9390000,,,,,9390000,,,,,9330000,,,,,9190000,,,,,9040000,,,,,8890000,,,,,8720000
Kiribati,3930,,,,,3910,,,,,4920,,,,,5860,,,,,6990,,,,,7690,,,,,7410,,,,,6780,,,,,7940,,,,,9250,,,,,10500,,,,,10800,,,,,12200,,,,,10800,,,,,13600,,,,,14400,,,,,15000,,,,,15300,,,,,15200,,,,,15200,,,,,15900,,,,,16900,,,,,17400,,,,,17400,,,,,17100,,,,,16800,,,,,17000,,,,,17300,,,,,17500,,,,,17200,,,,,16700
Kuwait,14700,,,,,14500,,,,,19700,,,,,40500,,,,,76100,,,,,111000,,,,,150000,,,,,176000,,,,,219000,,,,,150000,,,,,168000,,,,,172000,,,,,206000,,,,,232000,,,,,281000,,,,,313000,,,,,327000,,,,,306000,,,,,298000,,,,,304000,,,,,314000,,,,,324000,,,,,328000,,,,,324000,,,,,319000,,,,,318000,,,,,321000,,,,,325000,,,,,326000,,,,,324000,,,,,320000
Kyrgyz Republic,204000,,,,,133000,,,,,166000,,,,,274000,,,,,378000,,,,,428000,,,,,418000,,,,,431000,,,,,464000,,,,,523000,,,,,596000,,,,,581000,,,,,521000,,,,,478000,,,,,595000,,,,,740000,,,,,702000,,,,,649000,,,,,616000,,,,,623000,,,,,646000,,,,,656000,,,,,643000,,,,,614000,,,,,586000,,,,,569000,,,,,562000,,,,,555000,,,,,542000,,,,,522000,,,,,502000
Lao,190000,,,,,211000,,,,,246000,,,,,289000,,,,,320000,,,,,360000,,,,,404000,,,,,470000,,,,,527000,,,,,599000,,,,,707000,,,,,794000,,,,,756000,,,,,717000,,,,,751000,,,,,754000,,,,,748000,,,,,725000,,,,,697000,,,,,669000,,,,,640000,,,,,611000,,,,,582000,,,,,553000,,,,,526000,,,,,503000,,,,,482000,,,,,462000,,,,,444000,,,,,426000,,,,,410000
Latvia,178000,,,,,162000,,,,,146000,,,,,162000,,,,,176000,,,,,177000,,,,,162000,,,,,181000,,,,,172000,,,,,184000,,,,,187000,,,,,138000,,,,,88200,,,,,93900,,,,,106000,,,,,98800,,,,,92600,,,,,85500,,,,,76600,,,,,72100,,,,,74500,,,,,77400,,,,,76100,,,,,71700,,,,,66900,,,,,63500,,,,,62700,,,,,63200,,,,,63100,,,,,61400,,,,,58600
Lebanon,136000,,,,,139000,,,,,179000,,,,,265000,,,,,294000,,,,,323000,,,,,313000,,,,,304000,,,,,301000,,,,,312000,,,,,311000,,,,,414000,,,,,409000,,,,,504000,,,,,419000,,,,,358000,,,,,315000,,,,,333000,,,,,332000,,,,,297000,,,,,260000,,,,,241000,,,,,243000,,,,,252000,,,,,253000,,,,,239000,,,,,220000,,,,,207000,,,,,203000,,,,,205000,,,,,204000
Lesotho,83200,,,,,93300,,,,,107000,,,,,116000,,,,,130000,,,,,146000,,,,,166000,,,,,191000,,,,,212000,,,,,232000,,,,,242000,,,,,249000,,,,,254000,,,,,244000,,,,,249000,,,,,274000,,,,,284000,,,,,284000,,,,,281000,,,,,281000,,,,,283000,,,,,283000,,,,,280000,,,,,276000,,,,,270000,,,,,264000,,,,,258000,,,,,252000,,,,,246000,,,,,240000,,,,,234000
Liberia,112000,,,,,123000,,,,,123000,,,,,144000,,,,,167000,,,,,193000,,,,,227000,,,,,269000,,,,,263000,,,,,266000,,,,,354000,,,,,383000,,,,,483000,,,,,565000,,,,,628000,,,,,682000,,,,,745000,,,,,815000,,,,,884000,,,,,947000,,,,,1000000,,,,,1050000,,,,,1100000,,,,,1140000,,,,,1180000,,,,,1210000,,,,,1230000,,,,,1250000,,,,,1260000,,,,,1260000,,,,,1260000
Libya,120000,,,,,138000,,,,,154000,,,,,194000,,,,,239000,,,,,313000,,,,,423000,,,,,523000,,,,,590000,,,,,618000,,,,,642000,,,,,600000,,,,,566000,,,,,557000,,,,,595000,,,,,626000,,,,,588000,,,,,548000,,,,,512000,,,,,493000,,,,,492000,,,,,495000,,,,,487000,,,,,466000,,,,,442000,,,,,425000,,,,,417000,,,,,413000,,,,,408000,,,,,398000,,,,,384000
Lithuania,247000,,,,,226000,,,,,230000,,,,,242000,,,,,287000,,,,,291000,,,,,272000,,,,,273000,,,,,264000,,,,,270000,,,,,277000,,,,,235000,,,,,173000,,,,,138000,,,,,138000,,,,,150000,,,,,150000,,,,,149000,,,,,138000,,,,,125000,,,,,119000,,,,,121000,,,,,124000,,,,,123000,,,,,117000,,,,,110000,,,,,105000,,,,,104000,,,,,105000,,,,,105000,,,,,102000
Luxembourg,20000,,,,,20000,,,,,20000,,,,,23000,,,,,25500,,,,,26800,,,,,25900,,,,,21400,,,,,21100,,,,,23000,,,,,25800,,,,,28700,,,,,30800,,,,,31300,,,,,32000,,,,,34600,,,,,37800,,,,,39300,,,,,40400,,,,,41500,,,,,42500,,,,,43700,,,,,45400,,,,,47100,,,,,48200,,,,,49000,,,,,49500,,,,,49900,,,,,50400,,,,,51000,,,,,51500
"Macedonia, FYR",140000,,,,,139000,,,,,163000,,,,,200000,,,,,192000,,,,,182000,,,,,197000,,,,,179000,,,,,171000,,,,,172000,,,,,167000,,,,,157000,,,,,135000,,,,,122000,,,,,112000,,,,,115000,,,,,115000,,,,,111000,,,,,104000,,,,,96600,,,,,92200,,,,,90800,,,,,90500,,,,,88900,,,,,85400,,,,,81200,,,,,77900,,,,,76100,,,,,75200,,,,,74000,,,,,72200
Madagascar,444000,,,,,456000,,,,,518000,,,,,689000,,,,,802000,,,,,927000,,,,,1080000,,,,,1270000,,,,,1480000,,,,,1670000,,,,,1940000,,,,,2310000,,,,,2730000,,,,,3040000,,,,,3330000,,,,,3630000,,,,,4050000,,,,,4460000,,,,,4810000,,,,,5110000,,,,,5400000,,,,,5690000,,,,,5970000,,,,,6220000,,,,,6420000,,,,,6580000,,,,,6720000,,,,,6810000,,,,,6890000,,,,,6920000,,,,,6920000
Malawi,354000,,,,,413000,,,,,478000,,,,,478000,,,,,552000,,,,,650000,,,,,772000,,,,,914000,,,,,1180000,,,,,1210000,,,,,1500000,,,,,1730000,,,,,1990000,,,,,2280000,,,,,2670000,,,,,2840000,,,,,3180000,,,,,3490000,,,,,3790000,,,,,4040000,,,,,4270000,,,,,4480000,,,,,4670000,,,,,4840000,,,,,4980000,,,,,5080000,,,,,5150000,,,,,5180000,,,,,5180000,,,,,5160000,,,,,5120000
Malaysia,727000,,,,,730000,,,,,971000,,,,,1240000,,,,,1400000,,,,,1620000,,,,,1670000,,,,,1780000,,,,,2000000,,,,,2240000,,,,,2460000,,,,,2580000,,,,,2790000,,,,,2610000,,,,,2490000,,,,,2580000,,,,,2700000,,,,,2760000,,,,,2670000,,,,,2510000,,,,,2380000,,,,,2340000,,,,,2360000,,,,,2380000,,,,,2350000,,,,,2270000,,,,,2180000,,,,,2130000,,,,,2110000,,,,,2110000,,,,,2090000
Maldives,10100,,,,,10100,,,,,8620,,,,,9830,,,,,13800,,,,,17300,,,,,20200,,,,,23100,,,,,27000,,,,,36400,,,,,41700,,,,,38400,,,,,30900,,,,,27400,,,,,31000,,,,,37100,,,,,36700,,,,,32600,,,,,28000,,,,,25900,,,,,26700,,,,,28200,,,,,28200,,,,,26400,,,,,24200,,,,,23000,,,,,23000,,,,,23400,,,,,23400,,,,,22500,,,,,21400
Mali,497000,,,,,559000,,,,,569000,,,,,651000,,,,,689000,,,,,747000,,,,,841000,,,,,966000,,,,,1100000,,,,,1240000,,,,,1390000,,,,,1610000,,,,,1890000,,,,,2290000,,,,,2760000,,,,,3120000,,,,,3470000,,,,,3870000,,,,,4300000,,,,,4710000,,,,,5050000,,,,,5320000,,,,,5550000,,,,,5750000,,,,,5920000,,,,,6060000,,,,,6150000,,,,,6190000,,,,,6200000,,,,,6160000,,,,,6110000
Malta,32000,,,,,29600,,,,,38900,,,,,36400,,,,,32100,,,,,31200,,,,,24300,,,,,26900,,,,,29200,,,,,29000,,,,,28000,,,,,27000,,,,,23200,,,,,20200,,,,,20200,,,,,21500,,,,,21800,,,,,21700,,,,,20700,,,,,19300,,,,,18300,,,,,18200,,,,,18600,,,,,18800,,,,,18500,,,,,17900,,,,,17200,,,,,16800,,,,,16800,,,,,16900,,,,,16700
Mauritania,80700,,,,,88800,,,,,99600,,,,,118000,,,,,145000,,,,,169000,,,,,195000,,,,,224000,,,,,257000,,,,,295000,,,,,337000,,,,,381000,,,,,431000,,,,,487000,,,,,552000,,,,,625000,,,,,681000,,,,,734000,,,,,786000,,,,,839000,,,,,893000,,,,,943000,,,,,988000,,,,,1030000,,,,,1060000,,,,,1090000,,,,,1120000,,,,,1150000,,,,,1170000,,,,,1180000,,,,,1180000
Mauritius,61000,,,,,71300,,,,,82500,,,,,98700,,,,,114000,,,,,134000,,,,,120000,,,,,114000,,,,,106000,,,,,102000,,,,,97700,,,,,109000,,,,,98200,,,,,94700,,,,,80600,,,,,68800,,,,,66000,,,,,66200,,,,,66500,,,,,64400,,,,,60300,,,,,56100,,,,,53600,,,,,52900,,,,,52800,,,,,52000,,,,,50200,,,,,48000,,,,,46300,,,,,45500,,,,,45000
Mexico,3170000,,,,,3820000,,,,,4430000,,,,,5800000,,,,,6770000,,,,,7760000,,,,,9030000,,,,,10800000,,,,,10800000,,,,,10800000,,,,,11100000,,,,,11400000,,,,,11800000,,,,,11700000,,,,,11400000,,,,,11500000,,,,,11200000,,,,,10800000,,,,,10300000,,,,,9900000,,,,,9530000,,,,,9230000,,,,,8940000,,,,,8660000,,,,,8350000,,,,,8080000,,,,,7840000,,,,,7630000,,,,,7440000,,,,,7250000,,,,,7060000
"Micronesia, Fed. Sts.",3710,,,,,4220,,,,,4720,,,,,7130,,,,,8010,,,,,8290,,,,,10000,,,,,11700,,,,,12500,,,,,15100,,,,,14200,,,,,14000,,,,,13500,,,,,12500,,,,,11400,,,,,11100,,,,,11600,,,,,12100,,,,,12000,,,,,11400,,,,,10400,,,,,9690,,,,,9490,,,,,9470,,,,,9250,,,,,8680,,,,,7920,,,,,7290,,,,,6940,,,,,6770,,,,,6590
Moldova,250000,,,,,214000,,,,,222000,,,,,343000,,,,,415000,,,,,398000,,,,,333000,,,,,352000,,,,,376000,,,,,408000,,,,,419000,,,,,324000,,,,,245000,,,,,201000,,,,,215000,,,,,220000,,,,,196000,,,,,172000,,,,,155000,,,,,143000,,,,,139000,,,,,138000,,,,,134000,,,,,125000,,,,,116000,,,,,109000,,,,,106000,,,,,104000,,,,,102000,,,,,97800,,,,,92800
Mongolia,77200,,,,,79400,,,,,84400,,,,,113000,,,,,142000,,,,,193000,,,,,216000,,,,,245000,,,,,261000,,,,,281000,,,,,321000,,,,,278000,,,,,231000,,,,,219000,,,,,278000,,,,,356000,,,,,336000,,,,,307000,,,,,287000,,,,,281000,,,,,289000,,,,,304000,,,,,313000,,,,,305000,,,,,287000,,,,,274000,,,,,271000,,,,,274000,,,,,278000,,,,,275000,,,,,267000
Montenegro,48100,,,,,46600,,,,,47800,,,,,57900,,,,,57500,,,,,59200,,,,,53900,,,,,53100,,,,,51200,,,,,50600,,,,,46400,,,,,43300,,,,,41000,,,,,39300,,,,,39400,,,,,36900,,,,,34700,,,,,32900,,,,,31600,,,,,30400,,,,,29400,,,,,28400,,,,,27300,,,,,26200,,,,,25300,,,,,24500,,,,,23800,,,,,23100,,,,,22400,,,,,21700,,,,,21000
Morocco,1070000,,,,,1080000,,,,,1250000,,,,,1820000,,,,,2180000,,,,,2500000,,,,,2660000,,,,,2780000,,,,,3050000,,,,,3370000,,,,,3310000,,,,,3270000,,,,,3010000,,,,,3020000,,,,,3130000,,,,,3410000,,,,,3310000,,,,,3170000,,,,,3020000,,,,,2920000,,,,,2870000,,,,,2830000,,,,,2760000,,,,,2660000,,,,,2550000,,,,,2450000,,,,,2370000,,,,,2320000,,,,,2260000,,,,,2190000,,,,,2120000
Mozambique,703000,,,,,767000,,,,,833000,,,,,965000,,,,,1100000,,,,,1240000,,,,,1400000,,,,,1630000,,,,,1800000,,,,,1960000,,,,,2200000,,,,,2590000,,,,,3070000,,,,,3620000,,,,,4150000,,,,,4660000,,,,,5160000,,,,,5750000,,,,,6360000,,,,,6940000,,,,,7440000,,,,,7900000,,,,,8310000,,,,,8690000,,,,,9030000,,,,,9310000,,,,,9560000,,,,,9740000,,,,,9880000,,,,,9970000,,,,,10000000
Myanmar,1680000,,,,,1740000,,,,,2100000,,,,,2880000,,,,,3210000,,,,,3560000,,,,,4040000,,,,,4470000,,,,,4860000,,,,,5190000,,,,,4970000,,,,,4730000,,,,,4890000,,,,,5200000,,,,,4840000,,,,,4490000,,,,,4430000,,,,,4430000,,,,,4410000,,,,,4290000,,,,,4120000,,,,,3930000,,,,,3790000,,,,,3700000,,,,,3630000,,,,,3550000,,,,,3440000,,,,,3330000,,,,,3230000,,,,,3150000,,,,,3090000
Namibia,51200,,,,,59300,,,,,68600,,,,,80800,,,,,93000,,,,,108000,,,,,127000,,,,,156000,,,,,183000,,,,,200000,,,,,231000,,,,,259000,,,,,268000,,,,,272000,,,,,290000,,,,,332000,,,,,349000,,,,,359000,,,,,365000,,,,,371000,,,,,379000,,,,,386000,,,,,390000,,,,,388000,,,,,382000,,,,,377000,,,,,371000,,,,,366000,,,,,361000,,,,,353000,,,,,345000
Nepal,980000,,,,,1030000,,,,,1050000,,,,,1330000,,,,,1420000,,,,,1540000,,,,,1730000,,,,,1960000,,,,,2270000,,,,,2600000,,,,,2890000,,,,,3210000,,,,,3420000,,,,,3370000,,,,,3140000,,,,,2780000,,,,,2760000,,,,,2710000,,,,,2580000,,,,,2380000,,,,,2190000,,,,,2080000,,,,,1980000,,,,,1890000,,,,,1790000,,,,,1690000,,,,,1600000,,,,,1520000,,,,,1460000,,,,,1400000,,,,,1340000
Netherlands,816000,,,,,917000,,,,,1180000,,,,,1100000,,,,,1150000,,,,,1240000,,,,,1220000,,,,,1060000,,,,,902000,,,,,905000,,,,,973000,,,,,1010000,,,,,990000,,,,,1010000,,,,,938000,,,,,896000,,,,,912000,,,,,928000,,,,,928000,,,,,913000,,,,,888000,,,,,866000,,,,,860000,,,,,866000,,,,,868000,,,,,859000,,,,,843000,,,,,826000,,,,,816000,,,,,812000,,,,,809000
New Zealand,146000,,,,,182000,,,,,237000,,,,,261000,,,,,295000,,,,,317000,,,,,304000,,,,,297000,,,,,259000,,,,,263000,,,,,291000,,,,,314000,,,,,297000,,,,,297000,,,,,322000,,,,,319000,,,,,322000,,,,,324000,,,,,323000,,,,,319000,,,,,318000,,,,,319000,,,,,319000,,,,,318000,,,,,316000,,,,,313000,,,,,310000,,,,,309000,,,,,307000,,,,,305000,,,,,302000
Nicaragua,160000,,,,,180000,,,,,190000,,,,,279000,,,,,336000,,,,,363000,,,,,413000,,,,,487000,,,,,555000,,,,,626000,,,,,655000,,,,,648000,,,,,628000,,,,,604000,,,,,602000,,,,,584000,,,,,566000,,,,,539000,,,,,513000,,,,,490000,,,,,470000,,,,,451000,,,,,432000,,,,,414000,,,,,396000,,,,,381000,,,,,367000,,,,,353000,,,,,342000,,,,,330000,,,,,319000
Niger,336000,,,,,396000,,,,,420000,,,,,493000,,,,,575000,,,,,669000,,,,,767000,,,,,872000,,,,,1030000,,,,,1220000,,,,,1400000,,,,,1700000,,,,,2130000,,,,,2650000,,,,,3240000,,,,,3900000,,,,,4660000,,,,,5550000,,,,,6540000,,,,,7590000,,,,,8690000,,,,,9800000,,,,,10900000,,,,,11900000,,,,,12900000,,,,,13800000,,,,,14500000,,,,,15200000,,,,,15800000,,,,,16300000,,,,,16700000
Nigeria,4390000,,,,,4840000,,,,,5260000,,,,,5700000,,,,,6510000,,,,,7440000,,,,,8540000,,,,,10100000,,,,,12000000,,,,,13700000,,,,,15000000,,,,,16600000,,,,,19100000,,,,,22400000,,,,,25800000,,,,,29300000,,,,,32200000,,,,,35300000,,,,,38600000,,,,,42000000,,,,,45300000,,,,,48200000,,,,,50700000,,,,,53000000,,,,,54900000,,,,,56700000,,,,,58400000,,,,,59500000,,,,,60300000,,,,,60700000,,,,,61000000
North Korea,1480000,,,,,1480000,,,,,1380000,,,,,969000,,,,,1850000,,,,,1710000,,,,,2370000,,,,,2340000,,,,,1660000,,,,,1890000,,,,,1920000,,,,,2030000,,,,,1960000,,,,,1890000,,,,,1730000,,,,,1700000,,,,,1720000,,,,,1720000,,,,,1680000,,,,,1590000,,,,,1500000,,,,,1460000,,,,,1450000,,,,,1440000,,,,,1410000,,,,,1350000,,,,,1300000,,,,,1260000,,,,,1250000,,,,,1230000,,,,,1210000
Norway,210000,,,,,258000,,,,,317000,,,,,302000,,,,,308000,,,,,313000,,,,,333000,,,,,314000,,,,,266000,,,,,261000,,,,,289000,,,,,314000,,,,,316000,,,,,307000,,,,,321000,,,,,315000,,,,,334000,,,,,347000,,,,,355000,,,,,360000,,,,,364000,,,,,370000,,,,,379000,,,,,387000,,,,,394000,,,,,397000,,,,,399000,,,,,401000,,,,,404000,,,,,406000,,,,,408000
Oman,53400,,,,,59800,,,,,65600,,,,,73900,,,,,89300,,,,,107000,,,,,129000,,,,,160000,,,,,218000,,,,,268000,,,,,271000,,,,,293000,,,,,248000,,,,,245000,,,,,311000,,,,,386000,,,,,399000,,,,,378000,,,,,342000,,,,,321000,,,,,323000,,,,,335000,,,,,341000,,,,,333000,,,,,316000,,,,,301000,,,,,297000,,,,,299000,,,,,301000,,,,,298000,,,,,289000
Pakistan,4330000,,,,,4860000,,,,,5020000,,,,,5270000,,,,,6590000,,,,,8000000,,,,,9390000,,,,,10800000,,,,,12700000,,,,,15000000,,,,,17700000,,,,,18900000,,,,,19500000,,,,,19600000,,,,,21900000,,,,,24200000,,,,,24800000,,,,,24700000,,,,,24500000,,,,,24700000,,,,,25200000,,,,,25500000,,,,,25200000,,,,,24400000,,,,,23700000,,,,,23200000,,,,,22800000,,,,,22400000,,,,,21800000,,,,,21000000,,,,,20400000
Palestine,115000,,,,,125000,,,,,138000,,,,,143000,,,,,136000,,,,,179000,,,,,207000,,,,,235000,,,,,278000,,,,,333000,,,,,425000,,,,,503000,,,,,537000,,,,,553000,,,,,614000,,,,,688000,,,,,753000,,,,,797000,,,,,828000,,,,,857000,,,,,888000,,,,,920000,,,,,946000,,,,,960000,,,,,964000,,,,,965000,,,,,963000,,,,,959000,,,,,952000,,,,,940000,,,,,926000
Panama,101000,,,,,117000,,,,,136000,,,,,161000,,,,,191000,,,,,221000,,,,,247000,,,,,271000,,,,,283000,,,,,293000,,,,,308000,,,,,320000,,,,,341000,,,,,352000,,,,,369000,,,,,386000,,,,,387000,,,,,388000,,,,,390000,,,,,389000,,,,,386000,,,,,382000,,,,,377000,,,,,370000,,,,,364000,,,,,358000,,,,,352000,,,,,346000,,,,,340000,,,,,333000,,,,,327000
Papua New Guinea,191000,,,,,204000,,,,,228000,,,,,276000,,,,,312000,,,,,354000,,,,,405000,,,,,470000,,,,,541000,,,,,602000,,,,,646000,,,,,719000,,,,,828000,,,,,904000,,,,,967000,,,,,1010000,,,,,1060000,,,,,1120000,,,,,1170000,,,,,1210000,,,,,1240000,,,,,1270000,,,,,1290000,,,,,1300000,,,,,1320000,,,,,1320000,,,,,1320000,,,,,1310000,,,,,1300000,,,,,1280000,,,,,1260000
Paraguay,194000,,,,,214000,,,,,250000,,,,,300000,,,,,332000,,,,,371000,,,,,410000,,,,,428000,,,,,497000,,,,,585000,,,,,644000,,,,,676000,,,,,693000,,,,,657000,,,,,665000,,,,,664000,,,,,678000,,,,,675000,,,,,658000,,,,,637000,,,,,619000,,,,,603000,,,,,588000,,,,,571000,,,,,551000,,,,,532000,,,,,514000,,,,,496000,,,,,478000,,,,,462000,,,,,447000
Peru,898000,,,,,992000,,,,,1160000,,,,,1400000,,,,,1630000,,,,,1920000,,,,,2190000,,,,,2380000,,,,,2630000,,,,,2730000,,,,,2890000,,,,,2900000,,,,,2810000,,,,,2830000,,,,,2880000,,,,,2970000,,,,,2930000,,,,,2850000,,,,,2770000,,,,,2690000,,,,,2630000,,,,,2570000,,,,,2490000,,,,,2410000,,,,,2330000,,,,,2250000,,,,,2190000,,,,,2130000,,,,,2080000,,,,,2020000,,,,,1960000
Philippines,2210000,,,,,2600000,,,,,3100000,,,,,4220000,,,,,4800000,,,,,5420000,,,,,6030000,,,,,6680000,,,,,7510000,,,,,8350000,,,,,9290000,,,,,9910000,,,,,10300000,,,,,10500000,,,,,10900000,,,,,11300000,,,,,11700000,,,,,11900000,,,,,12000000,,,,,12100000,,,,,12100000,,,,,12000000,,,,,11900000,,,,,11800000,,,,,11500000,,,,,11300000,,,,,11000000,,,,,10700000,,,,,10500000,,,,,10200000,,,,,9960000
Poland,2320000,,,,,2010000,,,,,2870000,,,,,3460000,,,,,3540000,,,,,2780000,,,,,2530000,,,,,2850000,,,,,3210000,,,,,3370000,,,,,2930000,,,,,2540000,,,,,2030000,,,,,1790000,,,,,2000000,,,,,1900000,,,,,1710000,,,,,1540000,,,,,1420000,,,,,1340000,,,,,1330000,,,,,1330000,,,,,1290000,,,,,1210000,,,,,1130000,,,,,1090000,,,,,1070000,,,,,1060000,,,,,1040000,,,,,1000000,,,,,961000
Portugal,803000,,,,,766000,,,,,841000,,,,,796000,,,,,810000,,,,,855000,,,,,855000,,,,,853000,,,,,799000,,,,,687000,,,,,588000,,,,,544000,,,,,565000,,,,,531000,,,,,492000,,,,,442000,,,,,389000,,,,,362000,,,,,363000,,,,,368000,,,,,365000,,,,,352000,,,,,334000,,,,,318000,,,,,312000,,,,,312000,,,,,314000,,,,,310000,,,,,302000,,,,,292000,,,,,285000
Qatar,2870,,,,,3820,,,,,4880,,,,,7770,,,,,9870,,,,,14300,,,,,18100,,,,,24300,,,,,34500,,,,,42200,,,,,46400,,,,,57800,,,,,63900,,,,,98300,,,,,121000,,,,,138000,,,,,145000,,,,,148000,,,,,147000,,,,,142000,,,,,141000,,,,,146000,,,,,150000,,,,,153000,,,,,154000,,,,,153000,,,,,153000,,,,,154000,,,,,156000,,,,,157000,,,,,157000
Romania,1640000,,,,,1290000,,,,,1600000,,,,,1900000,,,,,1840000,,,,,1460000,,,,,2010000,,,,,1990000,,,,,2020000,,,,,1760000,,,,,1740000,,,,,1230000,,,,,1110000,,,,,1040000,,,,,1040000,,,,,961000,,,,,919000,,,,,878000,,,,,837000,,,,,810000,,,,,796000,,,,,775000,,,,,746000,,,,,718000,,,,,693000,,,,,674000,,,,,658000,,,,,643000,,,,,625000,,,,,607000,,,,,588000
Russia,12700000,,,,,6870000,,,,,10600000,,,,,12400000,,,,,13100000,,,,,11500000,,,,,9260000,,,,,10000000,,,,,10700000,,,,,11800000,,,,,12100000,,,,,8330000,,,,,6440000,,,,,6930000,,,,,7940000,,,,,9360000,,,,,8890000,,,,,8120000,,,,,7230000,,,,,6910000,,,,,7300000,,,,,7840000,,,,,7990000,,,,,7660000,,,,,7190000,,,,,6920000,,,,,6970000,,,,,7180000,,,,,7290000,,,,,7190000,,,,,6940000
Rwanda,246000,,,,,267000,,,,,359000,,,,,433000,,,,,511000,,,,,553000,,,,,626000,,,,,761000,,,,,959000,,,,,897000,,,,,1160000,,,,,1060000,,,,,1230000,,,,,1400000,,,,,1600000,,,,,1700000,,,,,1750000,,,,,1780000,,,,,1850000,,,,,1930000,,,,,1990000,,,,,1980000,,,,,1940000,,,,,1890000,,,,,1860000,,,,,1820000,,,,,1780000,,,,,1720000,,,,,1660000,,,,,1600000,,,,,1550000
Samoa,10900,,,,,12300,,,,,13800,,,,,17900,,,,,20500,,,,,23800,,,,,23500,,,,,22500,,,,,21100,,,,,21300,,,,,21000,,,,,22300,,,,,22000,,,,,22700,,,,,25000,,,,,23500,,,,,21900,,,,,21800,,,,,22300,,,,,23200,,,,,23500,,,,,22700,,,,,21400,,,,,20300,,,,,20000,,,,,19900,,,,,19700,,,,,18800,,,,,17600,,,,,16500,,,,,15800
Sao Tome and Principe,3740,,,,,3670,,,,,3980,,,,,6190,,,,,9260,,,,,10300,,,,,12000,,,,,13100,,,,,17300,,,,,16500,,,,,19300,,,,,19300,,,,,21800,,,,,25600,,,,,28100,,,,,30000,,,,,31400,,,,,33300,,,,,35400,,,,,37400,,,,,39000,,,,,40300,,,,,41400,,,,,42300,,,,,43000,,,,,43700,,,,,44300,,,,,44700,,,,,44700,,,,,44700,,,,,44400
Saudi Arabia,357000,,,,,410000,,,,,485000,,,,,562000,,,,,680000,,,,,863000,,,,,1100000,,,,,1440000,,,,,1790000,,,,,2420000,,,,,2480000,,,,,2690000,,,,,2570000,,,,,2480000,,,,,2560000,,,,,2790000,,,,,3030000,,,,,2920000,,,,,2700000,,,,,2540000,,,,,2480000,,,,,2520000,,,,,2560000,,,,,2520000,,,,,2420000,,,,,2300000,,,,,2220000,,,,,2210000,,,,,2210000,,,,,2190000,,,,,2140000
Senegal,285000,,,,,314000,,,,,351000,,,,,440000,,,,,505000,,,,,580000,,,,,679000,,,,,824000,,,,,984000,,,,,1170000,,,,,1300000,,,,,1440000,,,,,1590000,,,,,1810000,,,,,2130000,,,,,2460000,,,,,2640000,,,,,2830000,,,,,3030000,,,,,3280000,,,,,3520000,,,,,3750000,,,,,3930000,,,,,4090000,,,,,4220000,,,,,4360000,,,,,4490000,,,,,4600000,,,,,4680000,,,,,4720000,,,,,4740000
Serbia,619000,,,,,526000,,,,,729000,,,,,807000,,,,,684000,,,,,665000,,,,,685000,,,,,734000,,,,,772000,,,,,770000,,,,,695000,,,,,619000,,,,,547000,,,,,524000,,,,,482000,,,,,464000,,,,,453000,,,,,437000,,,,,417000,,,,,397000,,,,,379000,,,,,364000,,,,,352000,,,,,342000,,,,,329000,,,,,317000,,,,,304000,,,,,293000,,,,,284000,,,,,277000,,,,,268000
Seychelles,3340,,,,,3650,,,,,3520,,,,,5890,,,,,6890,,,,,7960,,,,,8320,,,,,8020,,,,,8430,,,,,7970,,,,,8050,,,,,7350,,,,,6720,,,,,5820,,,,,6750,,,,,7700,,,,,7140,,,,,6290,,,,,5870,,,,,5830,,,,,5930,,,,,5890,,,,,5610,,,,,5220,,,,,4910,,,,,4770,,,,,4710,,,,,4630,,,,,4460,,,,,4250,,,,,4050
Sierra Leone,224000,,,,,241000,,,,,256000,,,,,266000,,,,,289000,,,,,329000,,,,,383000,,,,,456000,,,,,533000,,,,,542000,,,,,569000,,,,,698000,,,,,808000,,,,,915000,,,,,1020000,,,,,1070000,,,,,1120000,,,,,1170000,,,,,1210000,,,,,1240000,,,,,1250000,,,,,1260000,,,,,1250000,,,,,1250000,,,,,1230000,,,,,1220000,,,,,1190000,,,,,1170000,,,,,1140000,,,,,1110000,,,,,1090000
Singapore,117000,,,,,138000,,,,,170000,,,,,240000,,,,,289000,,,,,282000,,,,,236000,,,,,236000,,,,,207000,,,,,228000,,,,,282000,,,,,305000,,,,,328000,,,,,313000,,,,,302000,,,,,292000,,,,,283000,,,,,277000,,,,,275000,,,,,267000,,,,,258000,,,,,249000,,,,,243000,,,,,238000,,,,,234000,,,,,229000,,,,,223000,,,,,216000,,,,,210000,,,,,204000,,,,,198000
Slovak Republic,298000,,,,,322000,,,,,382000,,,,,463000,,,,,451000,,,,,410000,,,,,382000,,,,,436000,,,,,479000,,,,,447000,,,,,415000,,,,,363000,,,,,288000,,,,,263000,,,,,283000,,,,,285000,,,,,280000,,,,,267000,,,,,246000,,,,,229000,,,,,224000,,,,,228000,,,,,229000,,,,,224000,,,,,214000,,,,,204000,,,,,198000,,,,,196000,,,,,196000,,,,,194000,,,,,189000
Slovenia,129000,,,,,126000,,,,,147000,,,,,148000,,,,,132000,,,,,137000,,,,,137000,,,,,143000,,,,,152000,,,,,140000,,,,,123000,,,,,101000,,,,,92700,,,,,91400,,,,,105000,,,,,109000,,,,,104000,,,,,96000,,,,,88800,,,,,86600,,,,,89700,,,,,93700,,,,,94000,,,,,90400,,,,,85900,,,,,83300,,,,,83500,,,,,84900,,,,,85500,,,,,84200,,,,,81600
Solomon Islands,10600,,,,,13400,,,,,14300,,,,,16600,,,,,19600,,,,,24200,,,,,27500,,,,,36900,,,,,42500,,,,,45400,,,,,50700,,,,,57900,,,,,64000,,,,,71000,,,,,78200,,,,,81400,,,,,82400,,,,,84900,,,,,88800,,,,,92600,,,,,95300,,,,,96500,,,,,96700,,,,,96800,,,,,96800,,,,,96900,,,,,96400,,,,,95100,,,,,93300,,,,,91300,,,,,89200
Somalia,258000,,,,,272000,,,,,316000,,,,,360000,,,,,405000,,,,,460000,,,,,770000,,,,,833000,,,,,870000,,,,,890000,,,,,1080000,,,,,1310000,,,,,1600000,,,,,1800000,,,,,2070000,,,,,2370000,,,,,2740000,,,,,3100000,,,,,3460000,,,,,3810000,,,,,4150000,,,,,4500000,,,,,4850000,,,,,5160000,,,,,5440000,,,,,5690000,,,,,5910000,,,,,6110000,,,,,6280000,,,,,6400000,,,,,6490000
South Africa,1490000,,,,,1680000,,,,,1880000,,,,,2410000,,,,,2740000,,,,,3120000,,,,,3520000,,,,,4050000,,,,,4520000,,,,,4960000,,,,,5130000,,,,,5100000,,,,,5100000,,,,,5180000,,,,,5360000,,,,,5630000,,,,,5620000,,,,,5520000,,,,,5410000,,,,,5320000,,,,,5260000,,,,,5200000,,,,,5100000,,,,,4970000,,,,,4840000,,,,,4730000,,,,,4630000,,,,,4540000,,,,,4440000,,,,,4340000,,,,,4230000
South Korea,2440000,,,,,2610000,,,,,2860000,,,,,3400000,,,,,4400000,,,,,4530000,,,,,4420000,,,,,4450000,,,,,3970000,,,,,3830000,,,,,3110000,,,,,3480000,,,,,3170000,,,,,2520000,,,,,2290000,,,,,2240000,,,,,2280000,,,,,2300000,,,,,2330000,,,,,2220000,,,,,2020000,,,,,1910000,,,,,1910000,,,,,1950000,,,,,1980000,,,,,1970000,,,,,1900000,,,,,1800000,,,,,1730000,,,,,1730000,,,,,1750000
South Sudan,306000,,,,,336000,,,,,358000,,,,,345000,,,,,411000,,,,,486000,,,,,572000,,,,,664000,,,,,696000,,,,,644000,,,,,825000,,,,,1020000,,,,,1270000,,,,,1460000,,,,,1650000,,,,,1830000,,,,,2010000,,,,,2180000,,,,,2330000,,,,,2460000,,,,,2580000,,,,,2700000,,,,,2810000,,,,,2900000,,,,,2970000,,,,,3020000,,,,,3050000,,,,,3080000,,,,,3080000,,,,,3070000,,,,,3050000
Spain,2330000,,,,,2450000,,,,,2640000,,,,,2680000,,,,,3060000,,,,,3270000,,,,,3290000,,,,,3340000,,,,,3200000,,,,,2580000,,,,,2170000,,,,,2110000,,,,,2080000,,,,,2290000,,,,,2460000,,,,,2180000,,,,,2000000,,,,,1850000,,,,,1790000,,,,,1820000,,,,,1880000,,,,,1910000,,,,,1860000,,,,,1780000,,,,,1720000,,,,,1690000,,,,,1700000,,,,,1710000,,,,,1710000,,,,,1670000,,,,,1630000
Sri Lanka,837000,,,,,965000,,,,,1180000,,,,,1320000,,,,,1560000,,,,,1640000,,,,,1730000,,,,,1720000,,,,,1860000,,,,,1900000,,,,,1730000,,,,,1640000,,,,,1620000,,,,,1700000,,,,,1720000,,,,,1590000,,,,,1470000,,,,,1370000,,,,,1310000,,,,,1290000,,,,,1250000,,,,,1180000,,,,,1080000,,,,,1000000,,,,,952000,,,,,919000,,,,,890000,,,,,847000,,,,,793000,,,,,741000,,,,,704000
St. Lucia,9890,,,,,10200,,,,,11200,,,,,12700,,,,,14400,,,,,15900,,,,,17400,,,,,17100,,,,,15700,,,,,16400,,,,,17500,,,,,17200,,,,,15800,,,,,13300,,,,,11100,,,,,10800,,,,,10500,,,,,10100,,,,,9500,,,,,8840,,,,,8200,,,,,7770,,,,,7520,,,,,7320,,,,,7060,,,,,6750,,,,,6440,,,,,6180,,,,,6000,,,,,5850,,,,,5710
St. Vincent and the Grenadines,8590,,,,,9860,,,,,10500,,,,,12000,,,,,13000,,,,,14100,,,,,14200,,,,,14000,,,,,13500,,,,,12700,,,,,11500,,,,,10900,,,,,10300,,,,,9250,,,,,9010,,,,,8340,,,,,7860,,,,,7330,,,,,6880,,,,,6510,,,,,6210,,,,,5930,,,,,5620,,,,,5300,,,,,4990,,,,,4720,,,,,4490,,,,,4270,,,,,4050,,,,,3830,,,,,3620
Sudan,676000,,,,,774000,,,,,908000,,,,,1070000,,,,,1260000,,,,,1510000,,,,,1840000,,,,,2220000,,,,,2620000,,,,,3030000,,,,,3320000,,,,,3830000,,,,,4320000,,,,,4830000,,,,,5280000,,,,,5690000,,,,,6130000,,,,,6640000,,,,,7170000,,,,,7660000,,,,,8060000,,,,,8400000,,,,,8710000,,,,,9030000,,,,,9340000,,,,,9620000,,,,,9830000,,,,,9970000,,,,,10100000,,,,,10100000,,,,,10200000
Suriname,23000,,,,,26000,,,,,33800,,,,,41900,,,,,53500,,,,,54900,,,,,50000,,,,,43200,,,,,39000,,,,,45800,,,,,48100,,,,,50400,,,,,50700,,,,,49400,,,,,49200,,,,,49700,,,,,48800,,,,,47600,,,,,46200,,,,,44500,,,,,42900,,,,,41400,,,,,40000,,,,,38700,,,,,37300,,,,,36000,,,,,34700,,,,,33500,,,,,32400,,,,,31400,,,,,30400
Swaziland,31800,,,,,36000,,,,,43700,,,,,50000,,,,,57400,,,,,66600,,,,,79300,,,,,93300,,,,,112000,,,,,134000,,,,,156000,,,,,154000,,,,,152000,,,,,152000,,,,,165000,,,,,175000,,,,,183000,,,,,182000,,,,,180000,,,,,180000,,,,,181000,,,,,180000,,,,,177000,,,,,172000,,,,,167000,,,,,163000,,,,,159000,,,,,155000,,,,,151000,,,,,147000,,,,,143000
Sweden,445000,,,,,574000,,,,,619000,,,,,540000,,,,,532000,,,,,563000,,,,,584000,,,,,556000,,,,,497000,,,,,501000,,,,,575000,,,,,607000,,,,,487000,,,,,520000,,,,,586000,,,,,596000,,,,,627000,,,,,639000,,,,,624000,,,,,612000,,,,,626000,,,,,652000,,,,,672000,,,,,682000,,,,,681000,,,,,677000,,,,,678000,,,,,688000,,,,,698000,,,,,704000,,,,,703000
Switzerland,307000,,,,,371000,,,,,427000,,,,,446000,,,,,457000,,,,,502000,,,,,490000,,,,,418000,,,,,372000,,,,,402000,,,,,421000,,,,,438000,,,,,416000,,,,,398000,,,,,410000,,,,,438000,,,,,465000,,,,,466000,,,,,458000,,,,,449000,,,,,450000,,,,,461000,,,,,478000,,,,,489000,,,,,491000,,,,,486000,,,,,482000,,,,,482000,,,,,485000,,,,,489000,,,,,489000
Syria,365000,,,,,405000,,,,,501000,,,,,721000,,,,,844000,,,,,989000,,,,,1170000,,,,,1440000,,,,,1730000,,,,,1980000,,,,,2130000,,,,,2190000,,,,,2450000,,,,,2430000,,,,,2440000,,,,,2460000,,,,,2470000,,,,,2500000,,,,,2530000,,,,,2570000,,,,,2570000,,,,,2490000,,,,,2380000,,,,,2290000,,,,,2240000,,,,,2200000,,,,,2150000,,,,,2090000,,,,,2020000,,,,,1950000,,,,,1900000
Tajikistan,197000,,,,,151000,,,,,165000,,,,,282000,,,,,377000,,,,,444000,,,,,489000,,,,,545000,,,,,614000,,,,,736000,,,,,866000,,,,,873000,,,,,880000,,,,,842000,,,,,991000,,,,,1150000,,,,,1190000,,,,,1180000,,,,,1160000,,,,,1190000,,,,,1260000,,,,,1300000,,,,,1290000,,,,,1260000,,,,,1230000,,,,,1220000,,,,,1220000,,,,,1210000,,,,,1180000,,,,,1130000,,,,,1100000
Tanzania,937000,,,,,1080000,,,,,1260000,,,,,1410000,,,,,1680000,,,,,1990000,,,,,2340000,,,,,2770000,,,,,3250000,,,,,3820000,,,,,4370000,,,,,4960000,,,,,5720000,,,,,6850000,,,,,8020000,,,,,9230000,,,,,10300000,,,,,11400000,,,,,12700000,,,,,14000000,,,,,15300000,,,,,16400000,,,,,17500000,,,,,18600000,,,,,19600000,,,,,20600000,,,,,21400000,,,,,22200000,,,,,22800000,,,,,23300000,,,,,23800000
Thailand,2600000,,,,,2660000,,,,,3130000,,,,,3730000,,,,,4510000,,,,,5350000,,,,,6170000,,,,,6300000,,,,,6050000,,,,,5660000,,,,,5300000,,,,,5040000,,,,,4630000,,,,,4390000,,,,,4110000,,,,,3830000,,,,,3400000,,,,,3190000,,,,,3140000,,,,,3080000,,,,,2960000,,,,,2830000,,,,,2700000,,,,,2600000,,,,,2530000,,,,,2490000,,,,,2440000,,,,,2380000,,,,,2300000,,,,,2240000,,,,,2190000
Timor-Leste,49900,,,,,54200,,,,,62100,,,,,64600,,,,,71600,,,,,81400,,,,,76400,,,,,84300,,,,,67600,,,,,97600,,,,,109000,,,,,146000,,,,,159000,,,,,159000,,,,,181000,,,,,199000,,,,,211000,,,,,228000,,,,,243000,,,,,254000,,,,,261000,,,,,266000,,,,,270000,,,,,274000,,,,,276000,,,,,276000,,,,,273000,,,,,269000,,,,,264000,,,,,258000,,,,,253000
Togo,157000,,,,,170000,,,,,185000,,,,,200000,,,,,250000,,,,,291000,,,,,335000,,,,,411000,,,,,490000,,,,,567000,,,,,639000,,,,,686000,,,,,769000,,,,,907000,,,,,1040000,,,,,1120000,,,,,1200000,,,,,1280000,,,,,1380000,,,,,1480000,,,,,1560000,,,,,1630000,,,,,1690000,,,,,1740000,,,,,1790000,,,,,1840000,,,,,1870000,,,,,1890000,,,,,1900000,,,,,1900000,,,,,1880000
Tonga,6160,,,,,6680,,,,,7450,,,,,8510,,,,,11300,,,,,13500,,,,,13700,,,,,11900,,,,,11000,,,,,12500,,,,,11300,,,,,12100,,,,,12100,,,,,12800,,,,,13200,,,,,12500,,,,,11900,,,,,12200,,,,,12800,,,,,13300,,,,,13300,,,,,12800,,,,,12100,,,,,11700,,,,,11800,,,,,11900,,,,,11700,,,,,11200,,,,,10500,,,,,10000,,,,,9790
Trinidad and Tobago,66100,,,,,83800,,,,,103000,,,,,116000,,,,,128000,,,,,141000,,,,,117000,,,,,119000,,,,,127000,,,,,149000,,,,,130000,,,,,103000,,,,,87600,,,,,90100,,,,,96000,,,,,95100,,,,,86000,,,,,77500,,,,,72400,,,,,71300,,,,,71700,,,,,70600,,,,,67100,,,,,62900,,,,,59800,,,,,58400,,,,,57800,,,,,56800,,,,,55100,,,,,52800,,,,,50800
Tunisia,381000,,,,,470000,,,,,524000,,,,,587000,,,,,671000,,,,,759000,,,,,810000,,,,,862000,,,,,958000,,,,,1050000,,,,,1070000,,,,,946000,,,,,829000,,,,,791000,,,,,855000,,,,,1020000,,,,,993000,,,,,919000,,,,,837000,,,,,791000,,,,,800000,,,,,830000,,,,,837000,,,,,806000,,,,,758000,,,,,723000,,,,,712000,,,,,714000,,,,,713000,,,,,698000,,,,,673000
Turkey,2400000,,,,,2570000,,,,,2920000,,,,,3740000,,,,,4190000,,,,,4630000,,,,,5100000,,,,,5680000,,,,,6170000,,,,,6450000,,,,,6360000,,,,,6310000,,,,,6550000,,,,,6670000,,,,,6760000,,,,,6610000,,,,,6300000,,,,,6090000,,,,,5850000,,,,,5670000,,,,,5500000,,,,,5350000,,,,,5180000,,,,,4990000,,,,,4800000,,,,,4650000,,,,,4520000,,,,,4410000,,,,,4290000,,,,,4160000,,,,,4040000
Turkmenistan,146000,,,,,110000,,,,,139000,,,,,215000,,,,,285000,,,,,334000,,,,,358000,,,,,385000,,,,,432000,,,,,486000,,,,,567000,,,,,570000,,,,,472000,,,,,488000,,,,,524000,,,,,668000,,,,,651000,,,,,607000,,,,,571000,,,,,571000,,,,,597000,,,,,614000,,,,,601000,,,,,570000,,,,,543000,,,,,531000,,,,,530000,,,,,528000,,,,,517000,,,,,498000,,,,,479000
Uganda,554000,,,,,694000,,,,,808000,,,,,1000000,,,,,1170000,,,,,1360000,,,,,1590000,,,,,1850000,,,,,2230000,,,,,2670000,,,,,3180000,,,,,3840000,,,,,4560000,,,,,5430000,,,,,6320000,,,,,7210000,,,,,8160000,,,,,9140000,,,,,10100000,,,,,11000000,,,,,11900000,,,,,12700000,,,,,13400000,,,,,14000000,,,,,14500000,,,,,14900000,,,,,15300000,,,,,15500000,,,,,15700000,,,,,15700000,,,,,15700000
Ukraine,4300000,,,,,2890000,,,,,3360000,,,,,4240000,,,,,4120000,,,,,3910000,,,,,3390000,,,,,3640000,,,,,3700000,,,,,3820000,,,,,3460000,,,,,2720000,,,,,2130000,,,,,1950000,,,,,2360000,,,,,2400000,,,,,2280000,,,,,2090000,,,,,1890000,,,,,1790000,,,,,1810000,,,,,1870000,,,,,1860000,,,,,1770000,,,,,1660000,,,,,1580000,,,,,1560000,,,,,1570000,,,,,1570000,,,,,1520000,,,,,1460000
United Arab Emirates,7980,,,,,9120,,,,,10700,,,,,16400,,,,,20700,,,,,38500,,,,,59700,,,,,100000,,,,,148000,,,,,203000,,,,,266000,,,,,272000,,,,,327000,,,,,353000,,,,,443000,,,,,480000,,,,,445000,,,,,437000,,,,,462000,,,,,499000,,,,,524000,,,,,532000,,,,,534000,,,,,545000,,,,,562000,,,,,580000,,,,,594000,,,,,603000,,,,,608000,,,,,614000,,,,,622000
United Kingdom,3360000,,,,,3620000,,,,,4270000,,,,,3770000,,,,,4060000,,,,,4710000,,,,,4580000,,,,,3850000,,,,,3400000,,,,,3630000,,,,,3860000,,,,,3830000,,,,,3680000,,,,,3530000,,,,,3940000,,,,,4080000,,,,,4100000,,,,,4060000,,,,,3940000,,,,,3910000,,,,,4000000,,,,,4120000,,,,,4170000,,,,,4150000,,,,,4090000,,,,,4060000,,,,,4070000,,,,,4110000,,,,,4120000,,,,,4110000,,,,,4060000
United States,11600000,,,,,14000000,,,,,17300000,,,,,19400000,,,,,21000000,,,,,20500000,,,,,18700000,,,,,17400000,,,,,17400000,,,,,18900000,,,,,20700000,,,,,21600000,,,,,20800000,,,,,20700000,,,,,21000000,,,,,20000000,,,,,21000000,,,,,21800000,,,,,22200000,,,,,22300000,,,,,22300000,,,,,22400000,,,,,22700000,,,,,23200000,,,,,23500000,,,,,23600000,,,,,23600000,,,,,23600000,,,,,23700000,,,,,23900000,,,,,24000000
Uruguay,200000,,,,,204000,,,,,220000,,,,,231000,,,,,251000,,,,,258000,,,,,241000,,,,,264000,,,,,278000,,,,,257000,,,,,266000,,,,,271000,,,,,260000,,,,,250000,,,,,243000,,,,,238000,,,,,234000,,,,,230000,,,,,223000,,,,,216000,,,,,208000,,,,,202000,,,,,196000,,,,,191000,,,,,186000,,,,,180000,,,,,175000,,,,,170000,,,,,165000,,,,,161000,,,,,157000
Uzbekistan,694000,,,,,566000,,,,,701000,,,,,1140000,,,,,1600000,,,,,1900000,,,,,1930000,,,,,2110000,,,,,2360000,,,,,2730000,,,,,3150000,,,,,3240000,,,,,2820000,,,,,2550000,,,,,2930000,,,,,3180000,,,,,3130000,,,,,2900000,,,,,2700000,,,,,2640000,,,,,2660000,,,,,2650000,,,,,2550000,,,,,2420000,,,,,2300000,,,,,2250000,,,,,2210000,,,,,2170000,,,,,2110000,,,,,2030000,,,,,1960000
Vanuatu,5960,,,,,6950,,,,,8030,,,,,9330,,,,,11000,,,,,13200,,,,,14900,,,,,16500,,,,,18700,,,,,21900,,,,,22900,,,,,25300,,,,,27500,,,,,28400,,,,,33200,,,,,33900,,,,,35700,,,,,37000,,,,,38400,,,,,39800,,,,,40900,,,,,41800,,,,,42500,,,,,42800,,,,,42900,,,,,42900,,,,,42800,,,,,42400,,,,,41900,,,,,41300,,,,,40700
Venezuela,667000,,,,,821000,,,,,996000,,,,,1200000,,,,,1490000,,,,,1850000,,,,,1980000,,,,,2020000,,,,,2270000,,,,,2500000,,,,,2750000,,,,,2790000,,,,,2810000,,,,,2870000,,,,,2930000,,,,,2960000,,,,,2940000,,,,,2890000,,,,,2830000,,,,,2770000,,,,,2700000,,,,,2630000,,,,,2560000,,,,,2490000,,,,,2420000,,,,,2350000,,,,,2290000,,,,,2230000,,,,,2180000,,,,,2120000,,,,,2070000
Vietnam,2380000,,,,,2390000,,,,,2860000,,,,,4330000,,,,,5550000,,,,,6240000,,,,,6750000,,,,,7370000,,,,,7770000,,,,,8450000,,,,,9050000,,,,,9000000,,,,,7010000,,,,,6620000,,,,,7200000,,,,,7680000,,,,,7580000,,,,,7430000,,,,,6830000,,,,,6360000,,,,,6310000,,,,,6470000,,,,,6540000,,,,,6420000,,,,,6160000,,,,,5900000,,,,,5770000,,,,,5770000,,,,,5780000,,,,,5720000,,,,,5570000
Yemen,505000,,,,,569000,,,,,657000,,,,,662000,,,,,723000,,,,,840000,,,,,1050000,,,,,1250000,,,,,1610000,,,,,2050000,,,,,2530000,,,,,2970000,,,,,3050000,,,,,3280000,,,,,3600000,,,,,3940000,,,,,4100000,,,,,4170000,,,,,4200000,,,,,4200000,,,,,4180000,,,,,4120000,,,,,4020000,,,,,3860000,,,,,3700000,,,,,3540000,,,,,3390000,,,,,3260000,,,,,3140000,,,,,3040000,,,,,2930000
Zambia,280000,,,,,319000,,,,,367000,,,,,424000,,,,,514000,,,,,628000,,,,,744000,,,,,902000,,,,,1060000,,,,,1200000,,,,,1360000,,,,,1560000,,,,,1840000,,,,,2140000,,,,,2390000,,,,,2680000,,,,,3030000,,,,,3410000,,,,,3790000,,,,,4160000,,,,,4520000,,,,,4900000,,,,,5290000,,,,,5680000,,,,,6030000,,,,,6370000,,,,,6690000,,,,,7000000,,,,,7290000,,,,,7540000,,,,,7750000
Zimbabwe,322000,,,,,379000,,,,,398000,,,,,561000,,,,,668000,,,,,802000,,,,,943000,,,,,1140000,,,,,1380000,,,,,1590000,,,,,1670000,,,,,1700000,,,,,1730000,,,,,1860000,,,,,2150000,,,,,2450000,,,,,2480000,,,,,2500000,,,,,2570000,,,,,2670000,,,,,2750000,,,,,2790000,,,,,2780000,,,,,2740000,,,,,2700000,,,,,2670000,,,,,2630000,,,,,2590000,,,,,2530000,,,,,2470000,,,,,2410000
